{
	"format_version": "1.8.0",
	"animations": {
		"animation.hk417_hold_to_reload": {
			"loop": "hold_on_last_frame",
			"animation_length": 2.48,
			"override_previous_animation": true,
			"bones": {
				"body": {
					"rotation": {
						"0.0": [0, 20, 0],
						"0.44": {
							"pre": [-1.30078, 27.47162, -2.81797],
							"post": [-1.30078, 27.47162, -2.81797],
							"lerp_mode": "catmullrom"
						},
						"0.64": [0, 0, 0],
						"1.4": [0, 0, 0],
						"1.76": {
							"pre": [-1.30078, 27.47162, -2.81797],
							"post": [-1.30078, 27.47162, -2.81797],
							"lerp_mode": "catmullrom"
						},
						"2.48": [0, 20, 0]
					},
					"position": {
						"0.0": [0, 0.001, 0],
						"0.44": {
							"pre": [-0.75, 0, 0],
							"post": [-0.75, 0, 0],
							"lerp_mode": "catmullrom"
						},
						"0.64": [0, 0, 0],
						"1.4": [0, 0, 0],
						"1.76": {
							"pre": [-0.75, 0, 0],
							"post": [-0.75, 0, 0],
							"lerp_mode": "catmullrom"
						},
						"2.48": [0, 0, 0]
					}
				},
				"head": {
					"rotation": {
						"0.0": ["-2.5052+query.target_x_rotation", "12.2747+query.target_y_rotation", -7.40361],
						"0.08": [-2.5052, 12.2747, -7.4],
						"0.2": [-3.18264, 17.16954, -9.71981],
						"0.44": [-5.09979, 16.92673, -12.84743],
						"0.68": {
							"pre": [9.4251, -52.504, -8.59426],
							"post": [9.4251, -52.504, -8.59426],
							"lerp_mode": "catmullrom"
						},
						"1.4": [9.4251, -52.504, -8.59],
						"1.76": {
							"pre": [-2.7539, 27.2592, -8.12918],
							"post": [-2.7539, 27.2592, -8.12918],
							"lerp_mode": "catmullrom"
						},
						"2.2": [-2.5635, 17.2698, -7.62858],
						"2.24": [-2.5635, 17.2698, -7.62858],
						"2.48": ["query.target_x_rotation", "query.target_y_rotation", 0]
					},
					"position": {
						"0.0": [0, 0, 0],
						"0.08": [0, 0, 0],
						"0.2": [-0.5, 0, 0],
						"0.44": [-0.5, 0, 0],
						"0.68": {
							"pre": [0, 0, 0],
							"post": [0, 0, 0],
							"lerp_mode": "catmullrom"
						},
						"1.4": [0, 0, 0],
						"1.76": {
							"pre": [-1.1, 0, 0],
							"post": [-1.1, 0, 0],
							"lerp_mode": "catmullrom"
						},
						"2.2": [-0.4, 0, 0],
						"2.24": [-0.4, 0, 0],
						"2.48": [0, 0, 0]
					}
				},
				"leftArm": {
					"rotation": {
						"0.0": ["-40.8109+(math.cos(query.life_time * 75) * 1.4325)", 9.63659, 5.10167],
						"0.2": [-116.34389, 47.62963, -1.83012],
						"0.44": [-127.33883, 46.85946, -9.91762],
						"0.76": {
							"pre": [-9.5157, -5.02633, -0.25766],
							"post": [-9.5157, -5.02633, -0.25766],
							"lerp_mode": "catmullrom"
						},
						"0.92": {
							"post": [14.4204, -1.95282, 17.00171],
							"lerp_mode": "catmullrom"
						},
						"1.4": {
							"post": [14.42, -1.95, 17],
							"lerp_mode": "catmullrom"
						},
						"1.76": [-127.33883, 46.85946, -9.91762],
						"2.08": [-116.34389, 47.62963, -1.83012],
						"2.48": ["-40.8109+(math.cos(query.life_time * 75) * 1.4325)", 9.63659, 5.10167]
					},
					"position": {
						"0.0": [0, -0.75, "-3+((math.cos(query.life_time * 75) * 0.2))"],
						"0.2": [-3, 0, -4.25],
						"0.44": [-3, -0.75, -5.075],
						"0.76": {
							"pre": [0.5, 0, -0.07],
							"post": [0.5, 0, -0.07],
							"lerp_mode": "catmullrom"
						},
						"0.92": {
							"post": [0.5, 0, -0.07],
							"lerp_mode": "catmullrom"
						},
						"1.4": {
							"post": [0.5, 0, -0.07],
							"lerp_mode": "catmullrom"
						},
						"1.76": [-3, -0.75, -5.075],
						"2.08": [-3, 0, -4.25],
						"2.48": [0, -0.75, "-3+((math.cos(query.life_time * 75) * 0.2))"]
					}
				},
				"rightArm": {
					"rotation": {
						"0.0": ["-37.6939+(math.cos(query.life_time * 75) * 1.4325)", -26.0714, -31.4308],
						"0.2": [-112.96552, -9.00577, 6.5538],
						"0.44": [-112.97, -9.01, 6.55],
						"0.56": {
							"pre": [-111.15344, -11.16142, 6.96435],
							"post": [-111.15344, -11.16142, 6.96435],
							"lerp_mode": "catmullrom"
						},
						"0.64": {
							"post": [-109.60525, -13.02639, 8.13336],
							"lerp_mode": "catmullrom"
						},
						"1.4": {
							"post": [-112.96552, -9.00577, 6.5538],
							"lerp_mode": "catmullrom"
						},
						"1.76": [-112.96552, -9.00577, 6.5538],
						"2.08": [-112.96552, -9.00577, 6.5538],
						"2.48": ["-37.6939+(math.cos(query.life_time * 75) * 1.4325)", -26.0714, -31.4308]
					},
					"position": {
						"0.0": [0, 2, 0],
						"0.2": [-1, 0.25, 1.25],
						"0.44": [-1, 0.25, 1.25],
						"0.56": {
							"pre": [-1, 0.25, 1.25],
							"post": [-1, 0.25, 1.25],
							"lerp_mode": "catmullrom"
						},
						"0.64": {
							"post": [-1, 0.25, 1.25],
							"lerp_mode": "catmullrom"
						},
						"1.4": {
							"post": [-1, 0.25, 1.25],
							"lerp_mode": "catmullrom"
						},
						"1.76": [-1, 0.25, 1.25],
						"2.08": [-1, 0.25, 1.25],
						"2.48": [0, 2, 0]
					}
				},
				"rightItem": {
					"rotation": {
						"0.0": [3.90483, -4.47373, 1.3805],
						"0.2": [0, 0, 0],
						"2.08": [0, 0, 0],
						"2.48": [3.90483, -4.47373, 1.3805]
					},
					"position": {
						"0.0": [0, 0, 0],
						"0.2": [0.8307, -0.24956, 0.1676],
						"2.08": [0.8307, -0.24956, 0.1676],
						"2.48": [0, 0, 0]
					}
				},
				"rightLeg": {
					"rotation": {
						"0.2": ["variable.tcos0 * 1.4", 0, 0],
						"2.08": ["variable.tcos0 * 1.4", 0, 0]
					},
					"position": {
						"0.2": [0, 0, 0],
						"2.08": [0, 0, 0]
					}
				},
				"leftLeg": {
					"rotation": {
						"0.2": ["variable.tcos0 * -1.4", 0, 0],
						"2.08": ["variable.tcos0 * -1.4", 0, 0]
					},
					"position": {
						"0.2": [0, 0, 0],
						"2.08": [0, 0, 0]
					}
				},
				"leftItem": {
					"rotation": [-7.36497, 13.53766, -55.71323],
					"position": [-0.29303, -3.28075, -2.89195]
				}
			},
			"sound_effects": {
				"0.0": {
					"effect": "hk417_reload"
				}
			}
		},
		"animation.hk417_hold_to_reload_normalize": {
			"loop": "hold_on_last_frame",
			"animation_length": 2.48,
			"override_previous_animation": true,
			"bones": {
				"root": {
					"rotation": {
						"0.0": [-246.2, 376.25, -207.4],
						"0.16": [-205.27408, 390.02744, -188.90012],
						"0.44": [-165.2, 410.95, -172.2],
						"2.08": [-165.2, 410.95, -172.2],
						"2.48": [-246.2, 376.25, -207.4]
					},
					"position": {
						"0.0": [
							"3.81 - variable.x_clamp",
							"8.22 + (v.holding_pistol == 1 ? -2 : 0)-variable.y_axis +variable.y_extra + v.r*v.a",
							"21.4 + (v.holding_pistol == 1 ? 4 : 0)"
						],
						"0.04": [4.28, 5.84, 19.12],
						"0.08": [4.75, 3.46, 16.84],
						"0.16": [5.22, 2.07, 14.56],
						"0.24": [6.16, 0.11, 10],
						"0.32": [7.1, -0.85, 5.44],
						"0.44": [8.51, -1.28, -1.4],
						"2.08": [8.51, -1.28, -1.4],
						"2.2": [5.245, -1.32, 3.67],
						"2.24": [4.83, -0.99, 5.75],
						"2.28": [4.42, -0.36, 8.73],
						"2.32": [3.6, 0.65, 11.27],
						"2.36": [3.32, 2.16, 13.8],
						"2.4": [3.15, 4.29, 16.33],
						"2.44": [3.23, 6.56, 18.86],
						"2.48": [
							"3.81 - variable.x_clamp",
							"8.22 + (v.holding_pistol == 1 ? -2 : 0)-variable.y_axis +variable.y_extra + v.r*v.a",
							"21.4 + (v.holding_pistol == 1 ? 4 : 0)"
						]
					}
				}
			}
		}
	}
}