{
	"format_version": "1.8.0",
	"animations": {
		"animation.ak47_ads_to_reload": {
			"loop": "hold_on_last_frame",
			"animation_length": 2,
			"override_previous_animation": true,
			"anim_time_update": "q.anim_time + q.delta_time*v.reload_anim_mult",
			"bones": {
				"head": {
					"rotation": {
						"0.0": [10, "-7.5+query.target_y_rotation/7.5", -10],
						"0.2": [-2.5052, 12.2747, -7.4],
						"0.32": [-3.18264, 17.16954, -9.71981],
						"0.48": [-5.09979, 16.92673, -12.84743],
						"0.68": {
							"pre": [9.4251, -52.504, -8.59426],
							"post": [9.4251, -52.504, -8.59426],
							"lerp_mode": "catmullrom"
						},
						"1.16": [9.4251, -52.504, -8.59],
						"1.44": {
							"pre": [-2.7539, 27.2592, -8.12918],
							"post": [-2.7539, 27.2592, -8.12918],
							"lerp_mode": "catmullrom"
						},
						"1.76": [-2.5635, 17.2698, -7.62858],
						"1.8": [-2.5635, 17.2698, -7.62858],
						"2.0": ["query.target_x_rotation", "-20+query.target_y_rotation", 0]
					},
					"position": {
						"0.0": [0, 0, 0],
						"0.2": [0, 0, 0],
						"0.32": [-0.5, 0, 0],
						"0.48": [-0.5, 0, 0],
						"0.68": {
							"pre": [0, 0, 0],
							"post": [0, 0, 0],
							"lerp_mode": "catmullrom"
						},
						"1.16": [0, 0, 0],
						"1.44": {
							"pre": [-1.1, 0, 0],
							"post": [-1.1, 0, 0],
							"lerp_mode": "catmullrom"
						},
						"1.76": [-0.4, 0, 0],
						"1.8": [-0.4, 0, 0],
						"2.0": [0, 0, 0]
					}
				},
				"leftArm": {
					"rotation": {
						"0.0": [-88.5376, 39.84855, 3.49696],
						"0.32": [-116.34389, 47.62963, -1.83012],
						"0.48": [-127.33883, 46.85946, -9.91762],
						"0.76": {
							"pre": [-9.5157, -5.02633, -0.25766],
							"post": [-9.5157, -5.02633, -0.25766],
							"lerp_mode": "catmullrom"
						},
						"0.92": {
							"post": [14.4204, -1.95282, 17.00171],
							"lerp_mode": "catmullrom"
						},
						"1.16": {
							"post": [14.42, -1.95, 17],
							"lerp_mode": "catmullrom"
						},
						"1.44": [-127.33883, 46.85946, -9.91762],
						"1.56": [-120.74, 47.32, -5.07],
						"1.64": [-117.12942, 42.68339, -12.19828],
						"1.68": [-116.34, 47.63, -1.83],
						"1.72": [-116.34389, 47.62963, -1.83012],
						"2.0": [
							"-40.8109 + (v.holding_smg == 1 ? 1.7762 : 0) + (v.holding_pistol == 1 ? 2.8042 : 0) + (math.cos(query.life_time * 75) * 1.4325)",
							"9.6366 + (v.holding_smg == 1 ? 6.2343 : 0) + (v.holding_pistol == 1 ? 7.7043 : 0)",
							"5.1017 + (v.holding_smg == 1 ? 8.0215 : 0) + (v.holding_pistol == 1 ? 30.0122 : 0)"
						]
					},
					"position": {
						"0.0": [
							"-1 + (v.holding_smg == 1 ? -0.5 : 0) + (v.holding_pistol == 1 ? -1.75 : 0)",
							0,
							"-4 + (v.holding_smg == 1 ? 1 : 0) + (v.holding_pistol == 1 ? 2 : 0)"
						],
						"0.32": [-3, 0, -4.25],
						"0.48": [-3, -0.75, -5.075],
						"0.76": [0.5, 0, -0.07],
						"0.92": {
							"pre": [0.5, 0, -0.07],
							"post": [0.5, 0, -0.07],
							"lerp_mode": "catmullrom"
						},
						"1.16": [0.5, 0, -0.07],
						"1.44": [-3, -0.75, -5.075],
						"1.56": [-3, -0.225, -4.33],
						"1.64": [-2.8511, 1.39962, -3.50013],
						"1.68": [-3, 0.85, -3.75],
						"1.72": [-3.25, 0.6, -4.275],
						"2.0": [
							"0 + (v.holding_smg == 1 ? -0.5 : 0) + (v.holding_pistol == 1 ? -0.25 : 0) + variable.x_clamp",
							"-0.75 + (v.holding_smg == 1 ? 2 : 0) + (v.holding_pistol == 1 ? 2 : 0)-variable.y_axis +variable.y_extra + v.r*v.a",
							"-3+(v.holding_smg == 1 ? 1.5 : 0) + (v.holding_pistol == 1 ? 2.5 : 0) + ((math.cos(query.life_time * 75) * 0.2))"
						]
					}
				},
				"rightArm": {
					"rotation": {
						"0.0": [-90, -20, 0],
						"0.32": [-112.96552, -9.00577, 6.5538],
						"0.48": [-112.97, -9.01, 6.55],
						"0.56": {
							"pre": [-112.55172, -7.80525, 15.43239],
							"post": [-112.55172, -7.80525, 15.43239],
							"lerp_mode": "catmullrom"
						},
						"0.64": {
							"post": [-107.19477, -16.11136, -1.42509],
							"lerp_mode": "catmullrom"
						},
						"0.88": {
							"post": [-109.43682, -13.33138, 3.88874],
							"lerp_mode": "catmullrom"
						},
						"1.16": {
							"post": [-113.55545, -7.22787, 10.72972],
							"lerp_mode": "catmullrom"
						},
						"1.44": {
							"post": [-112.96552, -9.00577, 6.5538],
							"lerp_mode": "catmullrom"
						},
						"1.56": {
							"post": [-112.94, -9.09, 6.35],
							"lerp_mode": "catmullrom"
						},
						"1.64": [-111.67989, -12.80662, -2.86805],
						"1.72": [-112.1088, -11.01926, 1.62995],
						"2.0": ["-37.6939+(math.cos(query.life_time * 75) * 1.4325)", -26.0714, -31.4308]
					},
					"position": {
						"0.0": [1, 0, -0.5],
						"0.32": [-1, 0.25, 1.25],
						"0.48": [-1, 0.25, 1.25],
						"0.56": {
							"pre": [-1, 0.25, 1.25],
							"post": [-1, 0.25, 1.25],
							"lerp_mode": "catmullrom"
						},
						"0.64": {
							"post": [-1, 0.25, 1.25],
							"lerp_mode": "catmullrom"
						},
						"1.16": {
							"post": [-1, 0.25, 1.25],
							"lerp_mode": "catmullrom"
						},
						"1.44": [-1, 0.25, 1.25],
						"1.64": [-1, 0.25, 1.25],
						"1.72": [-1, 0.25, 1.25],
						"2.0": ["0 + variable.x_clamp", "2-variable.y_axis +variable.y_extra + v.r*v.a", 0]
					}
				},
				"rightItem": {
					"rotation": {
						"0.0": [0, 0, 15],
						"0.32": [0, 0, 0],
						"0.48": [0, 0, 0],
						"0.56": {
							"pre": [2.25, -1.25, 0],
							"post": [2.25, -1.25, 0],
							"lerp_mode": "catmullrom"
						},
						"0.64": {
							"post": [-1.81989, 0.82965, -0.03734],
							"lerp_mode": "catmullrom"
						},
						"0.88": {
							"post": [0, 0, 0],
							"lerp_mode": "catmullrom"
						},
						"1.48": [0.01, 0, 0],
						"1.64": [-4.5, 0, 0],
						"1.72": [-2.25, 0, 0],
						"2.0": [3.90483, -4.47373, 1.3805]
					},
					"position": {
						"0.0": [0.8307, -0.24956, 0.1676],
						"0.32": [0.8307, -0.24956, 0.1676],
						"1.56": [0.83, -0.25, 0.17],
						"1.64": [0.8307, -0.24956, 0.1676],
						"1.72": [0.8307, -0.24956, 0.1676],
						"2.0": [0, "(v.holding_smg == 1 ? -2 : 0) + (v.holding_sniper == 1 ? -2 : 0)", 0]
					}
				},
				"body": {
					"rotation": {
						"0.0": [0, 0, 0],
						"0.32": [-0.83, 26.14, -1.8],
						"0.48": {
							"pre": [-1.30078, 27.47162, -2.81797],
							"post": [-1.30078, 27.47162, -2.81797],
							"lerp_mode": "catmullrom"
						},
						"0.68": [0, 0, 0],
						"1.16": [0, 0, 0],
						"1.44": {
							"pre": [-1.30078, 27.47162, -2.81797],
							"post": [-1.30078, 27.47162, -2.81797],
							"lerp_mode": "catmullrom"
						},
						"1.76": [-0.6, 24.51, -1.31],
						"2.0": [0, 20, 0]
					},
					"position": {
						"0.0": {
							"post": [0, 0, 0],
							"lerp_mode": "catmullrom"
						},
						"0.32": [-0.48, 0, 0],
						"0.48": {
							"pre": [-0.75, 0, 0],
							"post": [-0.75, 0, 0],
							"lerp_mode": "catmullrom"
						},
						"0.68": [0, 0, 0],
						"1.16": [0, 0, 0],
						"1.44": {
							"pre": [-0.75, 0, 0],
							"post": [-0.75, 0, 0],
							"lerp_mode": "catmullrom"
						},
						"1.76": [-0.35, 0, 0],
						"2.0": ["0 + variable.x_clamp", "0+(-variable.y_axis +variable.y_extra + v.r*v.a)/1.5", 0]
					}
				},
				"rightLeg": {
					"rotation": {
						"0.32": ["variable.tcos0 * 1.4", 0, 0],
						"1.64": ["variable.tcos0 * 1.4", 0, 0]
					},
					"position": {
						"0.32": [0, 0, 0],
						"1.64": [0, 0, 0]
					}
				},
				"leftLeg": {
					"rotation": {
						"0.32": ["variable.tcos0 * -1.4", 0, 0],
						"1.64": ["variable.tcos0 * -1.4", 0, 0]
					},
					"position": {
						"0.32": [0, 0, 0],
						"1.64": [0, 0, 0]
					}
				},
				"leftItem": {
					"rotation": [-7.36497, 13.53766, -55.71323],
					"position": ["-1.1201+v.x_add", "-2.8217+v.y_add", "-3.1119+v.z_add"],
					"scale": {
						"0.0": [0, 0, 0],
						"0.28": [0, 0, 0],
						"0.32": {"pre": [0, 0, 0], "post": [1, 1, 1]},
						"1.6": [1, 1, 1],
						"1.64": {"pre": [1, 1, 1], "post": [0, 0, 0]}
					}
				},