{
	"format_version": "1.8.0",
	"animations": {
		"animation.p90_hold_to_reload": {
			"loop": "hold_on_last_frame",
			"animation_length": 2,
			"override_previous_animation": true,
			"anim_time_update": "q.is_in_ui || (v.is_paperdoll??0) ? 9999 : q.anim_time + q.delta_time",
			"bones": {
				"head": {
					"rotation": {
						"0.0": ["query.target_x_rotation", "-20+query.target_y_rotation", 0],
						"0.16": [28.53449, 15.79451, -7.16284],
						"0.48": [28.53449, 15.79451, -7.16284],
						"0.68": {
							"pre": [9.4251, -52.504, -8.59426],
							"post": [9.4251, -52.504, -8.59426],
							"lerp_mode": "catmullrom"
						},
						"0.96": [9.4251, -52.504, -8.59],
						"1.28": {
							"pre": [28.53449, 15.79451, -7.16284],
							"post": [28.53449, 15.79451, -7.16284],
							"lerp_mode": "catmullrom"
						},
						"1.76": [28.53449, 15.79451, -7.16284],
						"1.8": [28.53449, 15.79451, -7.16284],
						"2.0": ["query.target_x_rotation", "-20+query.target_y_rotation", 0]
					},
					"position": {
						"0.0": [0, 0, 0],
						"0.48": [0.75, 0, 0],
						"0.68": {
							"pre": [0, 0, 0],
							"post": [0, 0, 0],
							"lerp_mode": "catmullrom"
						},
						"0.96": [0, 0, 0],
						"1.28": {
							"pre": [0.75, 0, 0],
							"post": [0.75, 0, 0],
							"lerp_mode": "catmullrom"
						},
						"1.76": [0.75, 0, 0],
						"1.8": [0.75, 0, 0],
						"2.0": [0, 0, 0]
					}
				},
				"leftArm": {
					"rotation": {
						"0.0": [
							"-40.8109 + (v.holding_smg == 1 ? 1.7762 : 0) + (v.holding_pistol == 1 ? 2.8042 : 0) + (math.cos(query.life_time * 75) * 1.4325)",
							"9.6366 + (v.holding_smg == 1 ? 6.2343 : 0) + (v.holding_pistol == 1 ? 7.7043 : 0)",
							"5.1017 + (v.holding_smg == 1 ? 8.0215 : 0) + (v.holding_pistol == 1 ? 30.0122 : 0)"
						],
						"0.16": [-57.87682, 38.50622, 36.91025],
						"0.28": [-50.47057, 33.0652, 57.80461],
						"0.48": [-31.55879, 62.89024, 78.92273],
						"0.76": {
							"pre": [-9.5157, -5.02633, -0.25766],
							"post": [-9.5157, -5.02633, -0.25766],
							"lerp_mode": "catmullrom"
						},
						"0.84": {
							"post": [14.4204, -1.95282, 17.00171],
							"lerp_mode": "catmullrom"
						},
						"0.96": {
							"post": [14.42, -1.95, 17],
							"lerp_mode": "catmullrom"
						},
						"1.28": [-31.55879, 62.89024, 78.92273],
						"1.52": [-50.47057, 33.0652, 57.80461],
						"1.64": [-57.87682, 38.50622, 36.91025],
						"2.0": [
							"-40.8109 + (v.holding_smg == 1 ? 1.7762 : 0) + (v.holding_pistol == 1 ? 2.8042 : 0) + (math.cos(query.life_time * 75) * 1.4325)",
							"9.6366 + (v.holding_smg == 1 ? 6.2343 : 0) + (v.holding_pistol == 1 ? 7.7043 : 0)",
							"5.1017 + (v.holding_smg == 1 ? 8.0215 : 0) + (v.holding_pistol == 1 ? 30.0122 : 0)"
						]
					},
					"position": {
						"0.0": [
							"0 + (v.holding_smg == 1 ? -0.5 : 0) + (v.holding_pistol == 1 ? -0.25 : 0) + variable.x_clamp",
							"-0.75 + (v.holding_smg == 1 ? 2 : 0) + (v.holding_pistol == 1 ? 2 : 0)-variable.y_axis +variable.y_extra + v.r*v.a",
							"-3+(v.holding_smg == 1 ? 1.5 : 0) + (v.holding_pistol == 1 ? 2.5 : 0) + ((math.cos(query.life_time * 75) * 0.2))"
						],
						"0.16": [0, 1, -3.25],
						"0.28": [0.42, 1, -3.08],
						"0.48": [1.25, 1, -2.75],
						"0.76": {
							"pre": [0.5, 0, -0.07],
							"post": [0.5, 0, -0.07],
							"lerp_mode": "catmullrom"
						},
						"0.84": {
							"post": [0.5, 0, -0.07],
							"lerp_mode": "catmullrom"
						},
						"0.96": {
							"post": [0.5, 0, -0.07],
							"lerp_mode": "catmullrom"
						},
						"1.28": [1.25, 1, -2.75],
						"1.52": [0.42, 1, -3.08],
						"1.64": [0, 1, -3.25],
						"2.0": [
							"0 + (v.holding_smg == 1 ? -0.5 : 0) + (v.holding_pistol == 1 ? -0.25 : 0) + variable.x_clamp",
							"-0.75 + (v.holding_smg == 1 ? 2 : 0) + (v.holding_pistol == 1 ? 2 : 0)-variable.y_axis +variable.y_extra + v.r*v.a",
							"-3+(v.holding_smg == 1 ? 1.5 : 0) + (v.holding_pistol == 1 ? 2.5 : 0) + ((math.cos(query.life_time * 75) * 0.2))"
						]
					}
				},
				"rightArm": {
					"rotation": {
						"0.0": ["-37.6939+(math.cos(query.life_time * 75) * 1.4325)", -26.0714, -31.4308],
						"0.16": [-77.27525, -19.67447, 27.65313],
						"0.28": {
							"pre": [-76.19411, -20.64975, 27.41775],
							"post": [-76.19411, -20.64975, 27.41775],
							"lerp_mode": "catmullrom"
						},
						"0.96": {
							"post": [-78.76586, -19.66904, 27.62594],
							"lerp_mode": "catmullrom"
						},
						"1.16": [-77.27525, -19.67447, 27.65313],
						"1.64": [-77.27525, -19.67447, 27.65313],
						"2.0": ["-37.6939+(math.cos(query.life_time * 75) * 1.4325)", -26.0714, -31.4308]
					},
					"position": {
						"0.0": ["0 + variable.x_clamp", "2-variable.y_axis +variable.y_extra + v.r*v.a", 0],
						"0.16": [-1, -1.75, -1.75],
						"0.28": {
							"pre": [-1, -1.75, -1.75],
							"post": [-1, -1.75, -1.75],
							"lerp_mode": "catmullrom"
						},
						"0.96": {
							"post": [-1, -1.75, -1.75],
							"lerp_mode": "catmullrom"
						},
						"1.16": [-1, -1.75, -1.75],
						"1.64": [-1, -1.75, -1.75],
						"2.0": ["0 + variable.x_clamp", "2-variable.y_axis +variable.y_extra + v.r*v.a", 0]
					}
				},
				"rightItem": {
					"rotation": {
						"0.0": [3.90483, -4.47373, 1.3805],
						"0.16": [0, 0, 0],
						"1.64": [0, 0, 0],
						"2.0": [3.90483, -4.47373, 1.3805]
					},
					"position": {
						"0.0": [0, "(v.holding_smg == 1 ? -2 : 0) + (v.holding_sniper == 1 ? -2 : 0)", 0],
						"0.16": [1.22774, -0.0907, -1.18041],
						"1.64": [1.22774, -0.0907, -1.18041],
						"2.0": [0, "(v.holding_smg == 1 ? -2 : 0) + (v.holding_sniper == 1 ? -2 : 0)", 0]
					}
				},
				"body": {
					"rotation": {
						"0.0": [0, 20, 0],
						"0.16": [0.2, 20.74, 0.89],
						"0.48": {
							"pre": [0.59185, 20.00121, 2.68327],
							"post": [0.59185, 20.00121, 2.68327],
							"lerp_mode": "catmullrom"
						},
						"0.68": [0, 0, 0],
						"0.96": [0, 0, 0],
						"1.28": {
							"pre": [-1.30078, 27.47162, -2.81797],
							"post": [-1.30078, 27.47162, -2.81797],
							"lerp_mode": "catmullrom"
						},
						"1.64": [-0.73, 25.45, -1.59],
						"2.0": [0, 20, 0]
					},
					"position": {
						"0.0": ["0 + variable.x_clamp", "0+(-variable.y_axis +variable.y_extra + v.r*v.a)/1.5", 0],
						"0.16": [0.25, 0, 0],
						"0.48": {
							"pre": [0.75, 0, 0],
							"post": [0.75, 0, 0],
							"lerp_mode": "catmullrom"
						},
						"0.68": [0, 0, 0],
						"0.96": [0, 0, 0],
						"1.28": {
							"pre": [-0.75, 0, 0],
							"post": [-0.75, 0, 0],
							"lerp_mode": "catmullrom"
						},
						"1.64": [-0.42, 0, 0],
						"2.0": ["0 + variable.x_clamp", "0+(-variable.y_axis +variable.y_extra + v.r*v.a)/1.5", 0]
					}
				},
				"rightLeg": {
					"rotation": {
						"0.16": ["variable.tcos0 * 1.4", 0, 0],
						"1.64": ["variable.tcos0 * 1.4", 0, 0]
					},
					"position": {
						"0.16": [0, 0, 0],
						"1.64": [0, 0, 0]
					}
				},
				"leftLeg": {
					"rotation": {
						"0.16": ["variable.tcos0 * -1.4", 0, 0],
						"1.64": ["variable.tcos0 * -1.4", 0, 0]
					},
					"position": {
						"0.16": [0, 0, 0],
						"1.64": [0, 0, 0]
					}
				},
				"leftItem": {
					"rotation": {
						"0.16": [-6.9684, -18.58229, -56.82296],
						"0.24": [-7.40734, -10.51257, -57.32868],
						"0.28": [-7.68412, -0.62788, -58.71737],
						"0.48": [-1.20433, -14.63463, -91.79476],
						"1.28": [-1.20433, -14.63463, -91.79476],
						"1.52": [-7.68412, -0.62788, -58.71737],
						"1.56": [-7.40734, -10.51257, -57.32868],
						"1.64": [-6.9684, -18.58229, -56.82296]
					},
					"position": {
						"0.16": [2.18587, -4.85224, -0.13489],
						"0.24": [2.56, -4.675, -0.075],
						"0.28": [2.465, -4.2, -0.335],
						"0.32": [2.51, -3.325, -0.08],
						"0.48": [2.65885, -1.98775, 0.69109],
						"1.28": [2.65885, -1.98775, 0.69109],
						"1.48": [2.51, -3.325, -0.08],
						"1.52": [2.465, -4.2, -0.335],
						"1.56": [2.56, -4.675, -0.075],