{
	"format_version": "1.8.0",
	"animations": {
		"animation.javelin_hipfire_to_reload": {
			"animation_length": 5,
			"override_previous_animation": true,
			"bones": {
				"leftArm": {
					"rotation": {
						"0.0": ["-88.5448+(v.holding_rpg == 1 ? -4.6643 : 0)+(v.holding_javelin == 1 ? 30 : 0)", "57.6271+(v.holding_javelin == 1 ? -42.4926 : 0)", -1.4552],
						"0.2917": [10.55189, 23.42569, 36.78955],
						"0.5417": [-40.8109, 9.6366, 5.1017],
						"1.7917": [49.64423, -52.90523, -18.94347],
						"2.4167": [-53.1842, 17.68384, 66.25732],
						"2.6667": [-52.6207, 17.53392, 66.46722],
						"2.75": {
							"pre": [-52.62, 17.53, 66.47],
							"post": [-52.62, 17.53, 66.47],
							"lerp_mode": "catmullrom"
						},
						"2.9583": {
							"post": [-78.06831, 15.53738, 64.89499],
							"lerp_mode": "catmullrom"
						},
						"3.0417": [-78.06831, 15.53738, 64.89499],
						"3.2083": [-53.06831, 15.53738, 64.89499],
						"3.2917": {
							"pre": [-53.06831, 15.53738, 64.89499],
							"post": [-53.06831, 15.53738, 64.89499],
							"lerp_mode": "catmullrom"
						},
						"3.5417": {
							"post": [-78.06831, 15.53738, 64.89499],
							"lerp_mode": "catmullrom"
						},
						"3.625": [-78.06831, 15.53738, 64.89499],
						"3.7917": [-53.06831, 15.53738, 64.89499],
						"3.875": {
							"pre": [-53.06831, 15.53738, 64.89499],
							"post": [-53.06831, 15.53738, 64.89499],
							"lerp_mode": "catmullrom"
						},
						"4.125": {
							"post": [-78.06831, 15.53738, 64.89499],
							"lerp_mode": "catmullrom"
						},
						"4.2083": [-78.06831, 15.53738, 64.89499],
						"4.375": [-49.56831, 15.53738, 64.89499],
						"4.4583": [-49.56831, 15.53738, 64.89499],
						"5.0": ["-88.5448+(v.holding_rpg == 1 ? -4.6643 : 0)+(v.holding_javelin == 1 ? 30 : 0)", "57.6271+(v.holding_javelin == 1 ? -42.4926 : 0)", -1.4552]
					},
					"position": {
						"0.0": [
							"-2.75+(v.holding_rpg == 1 ? 0.75 : 0) + variable.x_clamp/2",
							"0+(-variable.y_axis +variable.y_extra + v.r*v.a)/2+(v.holding_javelin == 1 ? -0.4 : 0)",
							"-4+(v.holding_rpg == 1 ? 2 : 0)+(v.holding_javelin == 1 ? 2 : 0)"
						],
						"0.2917": [0, -0.75, -2.91],
						"0.5417": [0, -0.75, -3],
						"1.7917": [0, -0.75, -1],
						"2.4167": [1.28427, 5.46354, -7.47353],
						"2.6667": [-1.12324, 4.11908, -5.01288],
						"2.75": {
							"pre": [-1.12, 4.12, -5.01],
							"post": [-1.12, 4.12, -5.01],
							"lerp_mode": "catmullrom"
						},
						"2.9583": {
							"post": [-0.22274, 5.12906, -6.92724],
							"lerp_mode": "catmullrom"
						},
						"3.0417": [-0.22274, 5.12906, -6.92724],
						"3.2083": [-1.60646, 3.74124, -4.51874],
						"3.2917": {
							"pre": [-1.60646, 3.74124, -4.51874],
							"post": [-1.60646, 3.74124, -4.51874],
							"lerp_mode": "catmullrom"
						},
						"3.5417": {
							"post": [-0.22274, 5.12906, -6.92724],
							"lerp_mode": "catmullrom"
						},
						"3.625": [-0.22274, 5.12906, -6.92724],
						"3.7917": [-1.60646, 3.74124, -4.51874],
						"3.875": {
							"pre": [-1.60646, 3.74124, -4.51874],
							"post": [-1.60646, 3.74124, -4.51874],
							"lerp_mode": "catmullrom"
						},
						"4.125": {
							"post": [-0.22274, 5.12906, -6.92724],
							"lerp_mode": "catmullrom"
						},
						"4.2083": [-0.22274, 5.12906, -6.92724],
						"4.375": [-1.60646, 3.74124, -4.51874],
						"4.4583": [-1.60646, 3.74124, -4.51874],
						"5.0": [
							"-2.75+(v.holding_rpg == 1 ? 0.75 : 0) + variable.x_clamp/2",
							"0+(-variable.y_axis +variable.y_extra + v.r*v.a)/2+(v.holding_javelin == 1 ? -0.4 : 0)",
							"-4+(v.holding_rpg == 1 ? 2 : 0)+(v.holding_javelin == 1 ? 2 : 0)"
						]
					}
				},
				"rightArm": {
					"rotation": {
						"0.0": ["-92.6667+(v.holding_javelin == 1 ? 20 : 0)", 0.21532, 2.6688],
						"0.2917": [-0.43963, 19.49149, 15.15596],
						"0.5417": {
							"pre": [-0.43963, 19.49149, 15.15596],
							"post": [-0.43963, 19.49149, 15.15596],
							"lerp_mode": "catmullrom"
						},
						"0.6667": {
							"post": [19.56037, 19.49149, 15.15596],
							"lerp_mode": "catmullrom"
						},
						"0.7917": {
							"post": [24.56037, 19.49149, 15.15596],
							"lerp_mode": "catmullrom"
						},
						"0.9583": {
							"post": [12.06037, 19.49149, 15.15596],
							"lerp_mode": "catmullrom"
						},
						"1.5833": {
							"post": [1.59012, 14.68583, 89.23223],
							"lerp_mode": "catmullrom"
						},
						"1.9583": {
							"post": [40.2484, 33.80481, 67.22036],
							"lerp_mode": "catmullrom"
						},
						"2.0833": [40.2484, 33.80481, 67.22036],
						"4.4583": [40.25, 33.8, 67.22],
						"5.0": ["-92.6667+(v.holding_javelin == 1 ? 20 : 0)", 0.21532, 2.6688]
					},
					"position": {
						"0.0": [
							"0 + variable.x_clamp/2",
							"0+(-variable.y_axis +variable.y_extra + v.r*v.a)/2+(v.holding_javelin == 1 ? -1.5 : 0)",
							"2+(v.holding_rpg == 1 ? -4 : 0)+(v.holding_javelin == 1 ? -4 : 0)"
						],
						"0.2917": [-0.08, 1.46, 0],
						"0.5417": {
							"pre": [-0.08, 1.46, 0],
							"post": [-0.08, 1.46, 0],
							"lerp_mode": "catmullrom"
						},
						"0.6667": {
							"post": [-0.08, 1.46, 0],
							"lerp_mode": "catmullrom"
						},
						"0.7917": {
							"post": [-0.08, 1.46, 0],
							"lerp_mode": "catmullrom"
						},
						"0.9583": {
							"post": [-0.08, 1.46, 0],
							"lerp_mode": "catmullrom"
						},
						"1.5833": {
							"post": [-1.08, 1.46, -2],
							"lerp_mode": "catmullrom"
						},
						"1.9583": {
							"post": [-2, -2, 0],
							"lerp_mode": "catmullrom"
						},
						"2.0833": [-2, -2, 0],
						"4.4583": [-2, -2, 0],
						"5.0": [
							"0 + variable.x_clamp/2",
							"0+(-variable.y_axis +variable.y_extra + v.r*v.a)/2+(v.holding_javelin == 1 ? -1.5 : 0)",
							"2+(v.holding_rpg == 1 ? -4 : 0)+(v.holding_javelin == 1 ? -4 : 0)"
						]
					}
				},
				"rightItem": {
					"rotation": {
						"0.0": [0, 0, 0],
						"0.2917": [12.20987, -0.86585, -15.76516],
						"0.5417": {
							"pre": [12.20987, -0.86585, -15.76516],
							"post": [12.20987, -0.86585, -15.76516],
							"lerp_mode": "catmullrom"
						},
						"0.6667": {
							"post": [29.08055, 6.37235, -28.56751],
							"lerp_mode": "catmullrom"
						},
						"0.7917": {
							"post": [29.08055, 6.37235, -28.56751],
							"lerp_mode": "catmullrom"
						},
						"0.9583": {
							"post": [27.42998, -11.88803, 4.367],
							"lerp_mode": "catmullrom"
						},
						"1.1667": {
							"post": [43.75329, -45.71784, 20.51691],
							"lerp_mode": "catmullrom"
						},
						"1.5": {
							"post": [14.0142, 30.09578, 192.14369],
							"lerp_mode": "catmullrom"
						},
						"1.75": {
							"post": [21.58847, 25.47605, 208.29426],
							"lerp_mode": "catmullrom"
						},
						"1.9583": {
							"post": [14.0142, 30.09578, 189.64369],
							"lerp_mode": "catmullrom"
						},
						"2.0833": [14.0142, 30.09578, 192.14369],
						"4.4583": [14.0142, 30.09578, 192.14369],
						"5.0": [0, 0, 0]
					},
					"position": {
						"0.0": [0.8307, -0.24956, 0.1676],
						"0.2917": [1.84647, 0.4068, 0.64009],
						"0.5417": {
							"pre": [3.81818, -7.30936, 1.39721],
							"post": [3.81818, -7.30936, 1.39721],
							"lerp_mode": "catmullrom"
						},
						"0.6667": {
							"post": [5.02366, -5.68883, 4.66712],
							"lerp_mode": "catmullrom"
						},
						"0.7917": {
							"post": [5.02366, -5.68883, 4.66712],
							"lerp_mode": "catmullrom"
						},
						"0.9583": {
							"post": [1.20965, -8.76059, 4.79984],
							"lerp_mode": "catmullrom"
						},
						"1.1667": {
							"post": [-3.40552, -5.30541, 5.04128],
							"lerp_mode": "catmullrom"
						},
						"1.5": {
							"post": [-1.25572, 6.02145, 1.44525],
							"lerp_mode": "catmullrom"
						},
						"1.75": {
							"post": [0.64813, 5.81208, 2.02101],
							"lerp_mode": "catmullrom"
						},
						"1.9583": {
							"post": [-1.25572, 6.02145, 1.44525],