{
	"format_version": "1.8.0",
	"animations": {
		"animation.javelin_hold_to_reload": {
			"animation_length": 5,
			"bones": {
				"body": {
					"rotation": [0, 20, 0],
					"position": ["0 + variable.x_clamp", "0+(-variable.y_axis +variable.y_extra + v.r*v.a)/1.5", 0]
				},
				"leftArm": {
					"rotation": {
						"0.0": [
							"-40.8109 + (v.holding_smg == 1 ? 1.7762 : 0) + (v.holding_pistol == 1 ? 2.8042 : 0) + (math.cos(query.life_time * 75) * 1.4325)",
							"9.6366 + (v.holding_smg == 1 ? 6.2343 : 0) + (v.holding_pistol == 1 ? 7.7043 : 0)",
							"5.1017 + (v.holding_smg == 1 ? 8.0215 : 0) + (v.holding_pistol == 1 ? 30.0122 : 0)"
						],
						"0.2917": [10.55189, 23.42569, 36.78955],
						"0.5417": [-40.8109, 9.6366, 5.1017],
						"1.7917": [49.64423, -52.90523, -18.94347],
						"2.4167": [-53.1842, 17.68384, 66.25732],
						"2.6667": [-52.6207, 17.53392, 66.46722],
						"2.75": {
							"pre": [-52.62, 17.53, 66.47],
							"post": [-52.62, 17.53, 66.47],
							"lerp_mode": "catmullrom"
						},
						"2.9583": {
							"post": [-78.06831, 15.53738, 64.89499],
							"lerp_mode": "catmullrom"
						},
						"3.0417": [-78.06831, 15.53738, 64.89499],
						"3.2083": [-53.06831, 15.53738, 64.89499],
						"3.2917": {
							"pre": [-53.06831, 15.53738, 64.89499],
							"post": [-53.06831, 15.53738, 64.89499],
							"lerp_mode": "catmullrom"
						},
						"3.5417": {
							"post": [-78.06831, 15.53738, 64.89499],
							"lerp_mode": "catmullrom"
						},
						"3.625": [-78.06831, 15.53738, 64.89499],
						"3.7917": [-53.06831, 15.53738, 64.89499],
						"3.875": {
							"pre": [-53.06831, 15.53738, 64.89499],
							"post": [-53.06831, 15.53738, 64.89499],
							"lerp_mode": "catmullrom"
						},
						"4.125": {
							"post": [-78.06831, 15.53738, 64.89499],
							"lerp_mode": "catmullrom"
						},
						"4.2083": [-78.06831, 15.53738, 64.89499],
						"4.375": [-49.56831, 15.53738, 64.89499],
						"4.4583": [-49.56831, 15.53738, 64.89499],
						"5.0": [
							"-40.8109 + (v.holding_smg == 1 ? 1.7762 : 0) + (v.holding_pistol == 1 ? 2.8042 : 0) + (math.cos(query.life_time * 75) * 1.4325)",
							"9.6366 + (v.holding_smg == 1 ? 6.2343 : 0) + (v.holding_pistol == 1 ? 7.7043 : 0)",
							"5.1017 + (v.holding_smg == 1 ? 8.0215 : 0) + (v.holding_pistol == 1 ? 30.0122 : 0)"
						]
					},
					"position": {
						"0.0": [
							"0 + (v.holding_smg == 1 ? -0.5 : 0) + (v.holding_pistol == 1 ? -0.25 : 0) + variable.x_clamp",
							"-0.75 + (v.holding_smg == 1 ? 2 : 0) + (v.holding_pistol == 1 ? 2 : 0)-variable.y_axis +variable.y_extra + v.r*v.a",
							"-3+(v.holding_smg == 1 ? 1.5 : 0) + (v.holding_pistol == 1 ? 2.5 : 0) + ((math.cos(query.life_time * 75) * 0.2))"
						],
						"0.2917": [0, -0.75, -2.91],
						"0.5417": [0, -0.75, -3],
						"1.7917": [0, -0.75, -1],
						"2.4167": [1.28427, 5.46354, -7.47353],
						"2.6667": [-1.12324, 4.11908, -5.01288],
						"2.75": {
							"pre": [-1.12, 4.12, -5.01],
							"post": [-1.12, 4.12, -5.01],
							"lerp_mode": "catmullrom"
						},
						"2.9583": {
							"post": [-0.22274, 5.12906, -6.92724],
							"lerp_mode": "catmullrom"
						},
						"3.0417": [-0.22274, 5.12906, -6.92724],
						"3.2083": [-1.60646, 3.74124, -4.51874],
						"3.2917": {
							"pre": [-1.60646, 3.74124, -4.51874],
							"post": [-1.60646, 3.74124, -4.51874],
							"lerp_mode": "catmullrom"
						},
						"3.5417": {
							"post": [-0.22274, 5.12906, -6.92724],
							"lerp_mode": "catmullrom"
						},
						"3.625": [-0.22274, 5.12906, -6.92724],
						"3.7917": [-1.60646, 3.74124, -4.51874],
						"3.875": {
							"pre": [-1.60646, 3.74124, -4.51874],
							"post": [-1.60646, 3.74124, -4.51874],
							"lerp_mode": "catmullrom"
						},
						"4.125": {
							"post": [-0.22274, 5.12906, -6.92724],
							"lerp_mode": "catmullrom"
						},
						"4.2083": [-0.22274, 5.12906, -6.92724],
						"4.375": [-1.60646, 3.74124, -4.51874],
						"4.4583": [-1.60646, 3.74124, -4.51874],
						"5.0": [
							"0 + (v.holding_smg == 1 ? -0.5 : 0) + (v.holding_pistol == 1 ? -0.25 : 0) + variable.x_clamp",
							"-0.75 + (v.holding_smg == 1 ? 2 : 0) + (v.holding_pistol == 1 ? 2 : 0)-variable.y_axis +variable.y_extra + v.r*v.a",
							"-3+(v.holding_smg == 1 ? 1.5 : 0) + (v.holding_pistol == 1 ? 2.5 : 0) + ((math.cos(query.life_time * 75) * 0.2))"
						]
					}
				},
				"leftItem": {
					"rotation": {
						"0.0": [4.23, -6.63, 14.41],
						"1.7917": [4.23, -6.63, 14.41],
						"2.25": [4.23, -6.63, 14.41],
						"2.4167": [4.23, -6.63, 14.41],
						"2.6667": [4.21016, -3.63813, 14.63163],
						"5.0": [4.23, -6.63, 14.41]
					},
					"position": {
						"0.0": [-0.65374, -0.10129, 9.56115],
						"1.7917": [-0.65374, -0.10129, 9.56115],
						"2.25": [0.39436, -1.22735, -1.58318],
						"2.4167": [0.39436, -1.22735, -1.58318],
						"2.6667": [-0.00159, -0.80195, 2.6269],
						"5.0": [-0.65374, -0.10129, 9.56115]
					}
				},
				"rightArm": {
					"rotation": {
						"0.0": ["-37.6939+(math.cos(query.life_time * 75) * 1.4325)", -26.0714, -31.4308],
						"0.2917": [-0.43963, 19.49149, 15.15596],
						"0.5417": {
							"pre": [-0.43963, 19.49149, 15.15596],
							"post": [-0.43963, 19.49149, 15.15596],
							"lerp_mode": "catmullrom"
						},
						"0.6667": {
							"post": [19.56037, 19.49149, 15.15596],
							"lerp_mode": "catmullrom"
						},
						"0.7917": {
							"post": [24.56037, 19.49149, 15.15596],
							"lerp_mode": "catmullrom"
						},
						"0.9583": {
							"post": [12.06037, 19.49149, 15.15596],
							"lerp_mode": "catmullrom"
						},
						"1.5833": {
							"post": [1.59012, 14.68583, 89.23223],
							"lerp_mode": "catmullrom"
						},
						"1.9583": {
							"post": [40.2484, 33.80481, 67.22036],
							"lerp_mode": "catmullrom"
						},
						"2.0833": [40.2484, 33.80481, 67.22036],
						"4.4583": [40.25, 33.8, 67.22],
						"5.0": ["-37.6939+(math.cos(query.life_time * 75) * 1.4325)", -26.0714, -31.4308]
					},
					"position": {
						"0.0": ["0 + variable.x_clamp", "2-variable.y_axis +variable.y_extra + v.r*v.a", 0],
						"0.2917": [-0.08, 1.46, 0],
						"0.5417": {
							"pre": [-0.08, 1.46, 0],
							"post": [-0.08, 1.46, 0],
							"lerp_mode": "catmullrom"
						},
						"0.6667": {
							"post": [-0.08, 1.46, 0],
							"lerp_mode": "catmullrom"
						},
						"0.7917": {
							"post": [-0.08, 1.46, 0],
							"lerp_mode": "catmullrom"
						},
						"0.9583": {
							"post": [-0.08, 1.46, 0],
							"lerp_mode": "catmullrom"
						},
						"1.5833": {
							"post": [-1.08, 1.46, -2],
							"lerp_mode": "catmullrom"
						},
						"1.9583": {
							"post": [-2, -2, 0],
							"lerp_mode": "catmullrom"
						},
						"2.0833": [-2, -2, 0],
						"4.4583": [-2, -2, 0],
						"5.0": ["0 + variable.x_clamp", "2-variable.y_axis +variable.y_extra + v.r*v.a", 0]
					}
				},
				"rightItem": {
					"rotation": {
						"0.0": [3.90483, -4.47373, 1.3805],
						"0.2917": [12.20987, -0.86585, -15.76516],
						"0.5417": {
							"pre": [12.20987, -0.86585, -15.76516],
							"post": [12.20987, -0.86585, -15.76516],
							"lerp_mode": "catmullrom"
						},
						"0.6667": {
							"post": [29.08055, 6.37235, -28.56751],
							"lerp_mode": "catmullrom"
						},
						"0.7917": {
							"post": [29.08055, 6.37235, -28.56751],
							"lerp_mode": "catmullrom"
						},
						"0.9583": {
							"post": [27.42998, -11.88803, 4.367],
							"lerp_mode": "catmullrom"
						},
						"1.1667": {
							"post": [43.75329, -45.71784, 20.51691],
							"lerp_mode": "catmullrom"
						},
						"1.5": {
							"post": [14.0142, 30.09578, 192.14369],
							"lerp_mode": "catmullrom"
						},
						"1.75": {
							"post": [21.58847, 25.47605, 208.29426],
							"lerp_mode": "catmullrom"
						},
						"1.9583": {
							"post": [14.0142, 30.09578, 189.64369],
							"lerp_mode": "catmullrom"
						},
						"2.0833": [14.0142, 30.09578, 192.14369],