{
	"format_version": "1.8.0",
	"animations": {
		"animation.mk13_ads_to_reload": {
			"loop": "hold_on_last_frame",
			"animation_length": 3,
			"override_previous_animation": true,
			"anim_time_update": "q.is_in_ui || (v.is_paperdoll??0) ? 9999999 : q.anim_time + q.delta_time",
			"bones": {
				"head": {
					"rotation": {
						"0.0": [10, "-7.5+query.target_y_rotation/7.5", -10],
						"0.08": [-2.5052, 12.2747, -7.4],
						"0.4": [-3.18264, 17.16954, -9.71981],
						"0.68": [-5.09979, 16.92673, -12.84743],
						"1.04": {
							"pre": [9.4251, -52.504, -8.59426],
							"post": [9.4251, -52.504, -8.59426],
							"lerp_mode": "catmullrom"
						},
						"1.68": [9.4251, -52.504, -8.59],
						"2.24": {
							"pre": [-2.7539, 27.2592, -8.12918],
							"post": [-2.7539, 27.2592, -8.12918],
							"lerp_mode": "catmullrom"
						},
						"2.64": [-2.5635, 17.2698, -7.62858],
						"2.68": [-2.5635, 17.2698, -7.62858],
						"3.0": ["query.target_x_rotation", "-20+query.target_y_rotation", 0]
					},
					"position": {
						"0.0": [0, 0, 0],
						"0.08": [0, 0, 0],
						"0.4": [-0.5, 0, 0],
						"0.68": [-0.5, 0, 0],
						"1.04": {
							"pre": [0, 0, 0],
							"post": [0, 0, 0],
							"lerp_mode": "catmullrom"
						},
						"1.68": [0, 0, 0],
						"2.24": {
							"pre": [-1.1, 0, 0],
							"post": [-1.1, 0, 0],
							"lerp_mode": "catmullrom"
						},
						"2.64": [-0.4, 0, 0],
						"2.68": [-0.4, 0, 0],
						"3.0": [0, 0, 0]
					}
				},
				"leftArm": {
					"rotation": {
						"0.0": [-88.5376, 39.84855, 3.49696],
						"0.4": [-131.69539, 41.46789, -25.96275],
						"0.68": [-146.63841, 32.58998, -37.02152],
						"1.12": {
							"pre": [-9.5157, -5.02633, -0.25766],
							"post": [-9.5157, -5.02633, -0.25766],
							"lerp_mode": "catmullrom"
						},
						"1.28": {
							"post": [14.4204, -1.95282, 17.00171],
							"lerp_mode": "catmullrom"
						},
						"1.68": {
							"post": [14.42, -1.95, 17],
							"lerp_mode": "catmullrom"
						},
						"2.24": [-146.63841, 32.58998, -37.02152],
						"2.52": [-131.69539, 41.46789, -25.96275],
						"3.0": [
							"-40.8109 + (v.holding_smg == 1 ? 1.7762 : 0) + (v.holding_pistol == 1 ? 2.8042 : 0) + (math.cos(query.life_time * 75) * 1.4325)",
							"9.6366 + (v.holding_smg == 1 ? 6.2343 : 0) + (v.holding_pistol == 1 ? 7.7043 : 0)",
							"5.1017 + (v.holding_smg == 1 ? 8.0215 : 0) + (v.holding_pistol == 1 ? 30.0122 : 0)"
						]
					},
					"position": {
						"0.0": [
							"-1 + (v.holding_smg == 1 ? -0.5 : 0) + (v.holding_pistol == 1 ? -1.75 : 0)",
							0,
							"-4 + (v.holding_smg == 1 ? 1 : 0) + (v.holding_pistol == 1 ? 2 : 0)"
						],
						"0.4": [-3, 0, -4.25],
						"0.44": [-3.025, -0.175, -4.465],
						"0.48": [-3.02, -0.37, -4.65],
						"0.52": [-3.02, -0.545, -4.915],
						"0.68": [-2.85, -1.05, -6.05],
						"1.12": {
							"pre": [0.5, 0, -0.07],
							"post": [0.5, 0, -0.07],
							"lerp_mode": "catmullrom"
						},
						"1.28": {
							"post": [0.5, 0, -0.07],
							"lerp_mode": "catmullrom"
						},
						"1.68": {
							"post": [0.5, 0, -0.07],
							"lerp_mode": "catmullrom"
						},
						"2.24": [-2.85, -1.05, -6.05],
						"2.4": [-3.02, -0.545, -4.915],
						"2.44": [-3.02, -0.37, -4.65],
						"2.48": [-3.025, -0.175, -4.465],
						"2.52": [-3, 0, -4.25],
						"3.0": [
							"0 + (v.holding_smg == 1 ? -0.5 : 0) + (v.holding_pistol == 1 ? -0.25 : 0) + variable.x_clamp",
							"-0.75 + (v.holding_smg == 1 ? 2 : 0) + (v.holding_pistol == 1 ? 2 : 0)-variable.y_axis +variable.y_extra + v.r*v.a",
							"-3+(v.holding_smg == 1 ? 1.5 : 0) + (v.holding_pistol == 1 ? 2.5 : 0) + ((math.cos(query.life_time * 75) * 0.2))"
						]
					}
				},
				"rightArm": {
					"rotation": {
						"0.0": [-90, -20, 0],
						"0.4": [-112.96552, -9.00577, 6.5538],
						"0.68": [-112.97, -9.01, 6.55],
						"0.84": {
							"pre": [-111.15344, -11.16142, 6.96435],
							"post": [-111.15344, -11.16142, 6.96435],
							"lerp_mode": "catmullrom"
						},
						"1.0": {
							"post": [-109.60525, -13.02639, 8.13336],
							"lerp_mode": "catmullrom"
						},
						"1.68": {
							"post": [-112.96552, -9.00577, 6.5538],
							"lerp_mode": "catmullrom"
						},
						"2.24": [-112.96552, -9.00577, 6.5538],
						"2.52": [-112.96552, -9.00577, 6.5538],
						"3.0": ["-37.6939+(math.cos(query.life_time * 75) * 1.4325)", -26.0714, -31.4308]
					},
					"position": {
						"0.0": [1, 0, -0.5],
						"0.4": [-1, 0.25, 1.25],
						"0.68": [-1, 0.25, 1.25],
						"0.84": {
							"pre": [-1, 0.25, 1.25],
							"post": [-1, 0.25, 1.25],
							"lerp_mode": "catmullrom"
						},
						"1.0": {
							"post": [-1, 0.25, 1.25],
							"lerp_mode": "catmullrom"
						},
						"1.68": {
							"post": [-1, 0.25, 1.25],
							"lerp_mode": "catmullrom"
						},
						"2.24": [-1, 0.25, 1.25],
						"2.52": [-1, 0.25, 1.25],
						"3.0": ["0 + variable.x_clamp", "2-variable.y_axis +variable.y_extra + v.r*v.a", 0]
					}
				},
				"rightItem": {
					"rotation": {
						"0.0": [0, 0, 15],
						"0.4": [0, 0, 0],
						"2.52": [0, 0, 0],
						"3.0": [3.90483, -4.47373, 1.3805]
					},
					"position": {
						"0.0": [0.8307, -0.24956, 0.1676],
						"0.4": [0.8307, -2.24956, 0.1676],
						"2.52": [0.8307, -2.24956, 0.1676],
						"3.0": [0, "(v.holding_smg == 1 ? -2 : 0) + (v.holding_sniper == 1 ? -2 : 0)", 0]
					}
				},
				"body": {
					"rotation": {
						"0.0": [0, 20, 0],
						"0.68": {
							"pre": [-1.30078, 27.47162, -2.81797],
							"post": [-1.30078, 27.47162, -2.81797],
							"lerp_mode": "catmullrom"
						},
						"1.04": [0, 0, 0],
						"1.68": [0, 0, 0],
						"2.24": {
							"pre": [-1.30078, 27.47162, -2.81797],
							"post": [-1.30078, 27.47162, -2.81797],
							"lerp_mode": "catmullrom"
						},
						"2.52": [-0.96, 26.97, -2.07],
						"3.0": [0, 20, 0]
					},
					"position": {
						"0.0": [0, 0.001, 0],
						"0.68": {
							"pre": [-0.75, 0, 0],
							"post": [-0.75, 0, 0],
							"lerp_mode": "catmullrom"
						},
						"1.04": [0, 0, 0],
						"1.68": [0, 0, 0],
						"2.24": {
							"pre": [-0.75, 0, 0],
							"post": [-0.75, 0, 0],
							"lerp_mode": "catmullrom"
						},
						"2.52": [-0.55, 0, 0],
						"3.0": ["0 + variable.x_clamp", "0+(-variable.y_axis +variable.y_extra + v.r*v.a)/1.5", 0]
					}
				},
				"rightLeg": {
					"rotation": {
						"0.0": ["variable.tcos0 * 1.4", 0, 0],
						"2.52": ["variable.tcos0 * 1.4", 0, 0]
					},
					"position": {
						"0.0": [0, 0, 0],
						"2.52": [0, 0, 0]
					}
				},
				"leftLeg": {
					"rotation": {
						"0.0": ["variable.tcos0 * -1.4", 0, 0],
						"2.52": ["variable.tcos0 * -1.4", 0, 0]
					},
					"position": {
						"0.0": [0, 0, 0],
						"2.52": [0, 0, 0]
					}
				},
				"leftItem": {
					"rotation": [-81.87661, -2.49216, 120.91914],
					"position": [0.00342, -2.49933, -3.06098]
				}
			},
			"sound_effects": {
				"0.32": {
					"effect": "mk13_reload"
				}
			}
		},
		"animation.mk13_ads_to_reload_normalize": {
			"loop": "hold_on_last_frame",
			"animation_length": 3,
			"override_previous_animation": true,
			"bones": {
				"root": {
					"rotation": {
						"0.0": [-180, 355, -180],
						"0.4": [-205.27408, 390.02744, -188.90012],
						"0.68": [-165.2, 410.95, -172.2],
						"2.52": [-165.2, 410.95, -172.2],
						"2.92": [-230.7, 382.03, -201.53],
						"3.0": [-246.2, 376.25, -207.4]
					},
					"position": {
						"0.0": [
							"-2.635 + (v.holding_pistol == 1 ? -0.018 : 0) + (v.holding_sniper == 1 ? 0.03795 : 0)",
							"0.8685 + (v.holding_pistol == 1 ? 0.003 : 0)",
							"-6.552 + (v.holding_pistol == 1 ? 4 : 0) + (v.holding_sniper == 1 ? -2.55 : 0)"
						],
						"0.4": [5.22, 2.07, 14.56],
						"0.48": [6.16, 0.11, 10],
						"0.56": [7.1, -0.85, 5.44],
						"0.68": [8.51, -1.28, -1.4],
						"2.52": [8.51, -1.28, -1.4],
						"2.6": [6.22, -1.32, 3.67],
						"2.68": [4.42, -0.86, 8.73],