{
	"format_version": "1.8.0",
	"animations": {
		"animation.mk13_pull_back_hipfire": {
			"animation_length": 0.64,
			"bones": {
				"rightArm": {
					"position": {
						"0.0": [0, 0, 0],
						"0.12": [0, 0.575, 0],
						"0.24": [0, 1.6, 1],
						"0.36": [0, 1.6, 4],
						"0.44": [0, 1.6, 4],
						"0.52": [0, 1.6, 1],
						"0.64": [0, 0, 0]
					}
				},
				"rightItem": {
					"position": {
						"0.0": [0, 0, 0],
						"0.12": [0.02349, 0.0235, 0.57484],
						"0.24": [0.07826, -0.92427, 1.64305],
						"0.36": ["0.0913+0.05", "-3.9167+0.05", 1.77958],
						"0.44": ["0.0913+0.05", "-3.9167+0.03", 1.77958],
						"0.52": [0.07826, -0.92427, 1.64305],
						"0.64": [0, 0, 0]
					}
				}
			}
		},
		"animation.mk13_pull_back": {
			"animation_length": 0.64,
			"bones": {
				"rightArm": {
					"position": {
						"0.0": [0, 0, 0],
						"0.12": [0, "v.ak47_ads ? 0.57 : 0.575", 0],
						"0.24": [0, "v.ak47_ads ? 1 : 1.6", 1],
						"0.36": [0, "v.ak47_ads ? 1 : 1.6", 4],
						"0.44": [0, "v.ak47_ads ? 1 : 1.6", 4],
						"0.52": [0, "v.ak47_ads ? 1 : 1.6", 1],
						"0.64": [0, 0, 0]
					}
				},
				"rightItem": {
					"position": {
						"0.0": [0, 0, 0],
						"0.12": ["v.ak47_ads ? 0 : 0.0235", "v.ak47_ads ? 0 : 0.0235", "v.ak47_ads ? 0.57 : 0.5748"],
						"0.24": ["v.ak47_ads ? -0.342 : 0.0783", "v.ak47_ads ? -0.9397 : -0.9243", "v.ak47_ads ? 1 : 1.643"],
						"0.36": ["v.ak47_ads ? -1.3681+0.05 : 0.0913+0.05", "v.ak47_ads ? -3.7588+0.05 : -3.9167+0.05", "v.ak47_ads ? 1 : 1.7796"],
						"0.44": ["v.ak47_ads ? -1.3681+0.03 : 0.0913+0.05", "v.ak47_ads ? -3.7588+0.03 : -3.9167+0.03", "v.ak47_ads ? 1 : 1.7796"],
						"0.52": ["v.ak47_ads ? -0.342 : 0.0783", "v.ak47_ads ? -0.9397 : -0.9243", "v.ak47_ads ? 1 : 1.643"],
						"0.64": [0, 0, 0]
					}
				}
			}
		}
	}
}