{
	"format_version": "1.8.0",
	"animations": {
		"animation.desert_eagle_hipfire_to_reload": {
			"loop": "hold_on_last_frame",
			"animation_length": 2.2,
			"override_previous_animation": true,
			"bones": {
				"head": {
					"rotation": {
						"0.0": ["-2.5052+query.target_x_rotation/7.5", "12.2747+query.target_y_rotation/7.5", -7.40361],
						"0.08": [-2.5052, 12.2747, -7.4],
						"0.2": [-3.18264, 17.16954, -9.71981],
						"0.48": [-3.18264, 17.16954, -9.71981],
						"0.68": {
							"pre": [9.4251, -52.504, -8.59426],
							"post": [9.4251, -52.504, -8.59426],
							"lerp_mode": "catmullrom"
						},
						"1.28": [9.4251, -52.504, -8.59],
						"1.56": {
							"pre": [-2.7539, 27.2592, -8.12918],
							"post": [-2.7539, 27.2592, -8.12918],
							"lerp_mode": "catmullrom"
						},
						"1.96": [-2.5635, 17.2698, -7.62858],
						"2.0": [-2.5635, 17.2698, -7.62858],
						"2.2": ["query.target_x_rotation", "-20+query.target_y_rotation", 0]
					},
					"position": {
						"0.0": [0, 0, 0],
						"0.08": [0, 0, 0],
						"0.2": [-0.5, 0, 0],
						"0.48": [-0.5, 0, 0],
						"0.68": {
							"pre": [0, 0, 0],
							"post": [0, 0, 0],
							"lerp_mode": "catmullrom"
						},
						"1.28": [0, 0, 0],
						"1.56": {
							"pre": [-1.1, 0, 0],
							"post": [-1.1, 0, 0],
							"lerp_mode": "catmullrom"
						},
						"1.96": [-0.4, 0, 0],
						"2.0": [-0.4, 0, 0],
						"2.2": [0, 0, 0]
					}
				},
				"leftArm": {
					"rotation": {
						"0.0": ["-88.5448+(v.holding_rpg == 1 ? -4.6643 : 0)", 57.6271, -1.4552],
						"0.2": [-152.8116, 70.35416, -43.12625],
						"0.48": [-95.3116, 70.35416, -43.12625],
						"0.76": {
							"pre": [-9.5157, -5.02633, -0.25766],
							"post": [-9.5157, -5.02633, -0.25766],
							"lerp_mode": "catmullrom"
						},
						"0.92": {
							"post": [14.4204, -1.95282, 17.00171],
							"lerp_mode": "catmullrom"
						},
						"1.28": {
							"post": [14.42, -1.95, 17],
							"lerp_mode": "catmullrom"
						},
						"1.56": [-95.3116, 70.35416, -43.12625],
						"1.84": [-152.8116, 70.35416, -43.12625],
						"1.96": [-113.2916, 49.71633, -14.92703],
						"2.12": [-62.46299, 39.53578, 21.85221],
						"2.2": [
							"-40.8109 + (v.holding_smg == 1 ? 1.7762 : 0) + (v.holding_pistol == 1 ? 2.8042 : 0) + (math.cos(query.life_time * 75) * 1.4325)",
							"9.6366 + (v.holding_smg == 1 ? 6.2343 : 0) + (v.holding_pistol == 1 ? 7.7043 : 0)",
							"5.1017 + (v.holding_smg == 1 ? 8.0215 : 0) + (v.holding_pistol == 1 ? 30.0122 : 0)"
						]
					},
					"position": {
						"0.0": [
							"-2.75+(v.holding_rpg == 1 ? 0.75 : 0) + variable.x_clamp/2",
							"0+(-variable.y_axis +variable.y_extra + v.r*v.a)/2",
							"-4+(v.holding_rpg == 1 ? 2 : 0)"
						],
						"0.2": [-3, 0, -4.25],
						"0.24": [-2.55, 0, -4.25],
						"0.28": [-2.2, 0, -4.25],
						"0.32": [-2, 0, -4.25],
						"0.36": [-1.965, 0, -4.25],
						"0.4": [-2.19, 0, -4.25],
						"0.44": [-2.48, 0, -4.25],
						"0.48": [-2.95, 0, -4.25],
						"0.76": {
							"pre": [0.5, 0, -0.07],
							"post": [0.5, 0, -0.07],
							"lerp_mode": "catmullrom"
						},
						"0.92": {
							"post": [0.5, 0, -0.07],
							"lerp_mode": "catmullrom"
						},
						"1.28": {
							"post": [0.5, 0, -0.07],
							"lerp_mode": "catmullrom"
						},
						"1.56": [-2.95, 0, -4.25],
						"1.6": [-2.48, 0, -4.25],
						"1.64": [-2.19, 0, -4.25],
						"1.68": [-1.965, 0, -4.25],
						"1.72": [-2, 0, -4.25],
						"1.76": [-2.2, 0, -4.25],
						"1.8": [-2.55, 0, -4.25],
						"1.84": [-3, 0, -4.25],
						"1.96": [-2.08, -1.58, -3.06],
						"2.12": [-0.86, -1.69, -1.48],
						"2.2": [
							"0 + (v.holding_smg == 1 ? -0.5 : 0) + (v.holding_pistol == 1 ? -0.25 : 0) + variable.x_clamp",
							"-0.75 + (v.holding_smg == 1 ? 2 : 0) + (v.holding_pistol == 1 ? 2 : 0)-variable.y_axis +variable.y_extra + v.r*v.a",
							"-3+(v.holding_smg == 1 ? 1.5 : 0) + (v.holding_pistol == 1 ? 2.5 : 0) + ((math.cos(query.life_time * 75) * 0.2))"
						]
					}
				},
				"rightArm": {
					"rotation": {
						"0.0": [-92.66671, 0.21532, 2.6688],
						"0.2": [-112.96552, -9.00577, 6.5538],
						"0.36": [-112.97, -9.01, 6.55],
						"0.56": {
							"pre": [-111.15344, -11.16142, 6.96435],
							"post": [-111.15344, -11.16142, 6.96435],
							"lerp_mode": "catmullrom"
						},
						"0.64": {
							"post": [-109.60525, -13.02639, 8.13336],
							"lerp_mode": "catmullrom"
						},
						"1.28": {
							"post": [-112.96552, -9.00577, 6.5538],
							"lerp_mode": "catmullrom"
						},
						"1.56": [-112.96552, -9.00577, 6.5538],
						"1.84": [-112.96552, -9.00577, 6.5538],
						"2.2": ["-37.6939+(math.cos(query.life_time * 75) * 1.4325)", -26.0714, -31.4308]
					},
					"position": {
						"0.0": ["0 + variable.x_clamp/2", "0+(-variable.y_axis +variable.y_extra + v.r*v.a)/2", "2+(v.holding_rpg == 1 ? -4 : 0)"],
						"0.2": [-1, 0.25, 1.25],
						"0.36": [-1, 0.25, 1.25],
						"0.56": {
							"pre": [-1, 0.25, 1.25],
							"post": [-1, 0.25, 1.25],
							"lerp_mode": "catmullrom"
						},
						"0.64": {
							"post": [-1, 0.25, 1.25],
							"lerp_mode": "catmullrom"
						},
						"1.28": {
							"post": [-1, 0.25, 1.25],
							"lerp_mode": "catmullrom"
						},
						"1.56": [-1, 0.25, 1.25],
						"1.84": [-1, 0.25, 1.25],
						"2.2": ["0 + variable.x_clamp", "2-variable.y_axis +variable.y_extra + v.r*v.a", 0]
					}
				},
				"rightItem": {
					"rotation": {
						"0.0": [0, 0, 0],
						"0.2": [0, 0, 0],
						"1.84": [0, 0, 0],
						"2.2": [3.90483, -4.47373, 1.3805]
					},
					"position": {
						"0.0": [0.8307, -0.24956, 0.1676],
						"0.2": [0.8307, -0.24956, 0.1676],
						"1.84": [0.8307, -0.24956, 0.1676],
						"2.2": [0, "(v.holding_smg == 1 ? -2 : 0) + (v.holding_sniper == 1 ? -2 : 0)", 0]
					}
				},
				"body": {
					"rotation": {
						"0.0": [0, 0, 0],
						"0.48": {
							"pre": [-1.30078, 27.47162, -2.81797],
							"post": [-1.30078, 27.47162, -2.81797],
							"lerp_mode": "catmullrom"
						},
						"0.68": [0, 0, 0],
						"1.28": [0, 0, 0],
						"1.56": {
							"pre": [-1.30078, 27.47162, -2.81797],
							"post": [-1.30078, 27.47162, -2.81797],
							"lerp_mode": "catmullrom"
						},
						"1.84": [-0.84, 26.22, -1.82],
						"2.2": [0, 20, 0]
					},
					"position": {
						"0.0": ["variable.x_clamp/2", "(-variable.y_axis +variable.y_extra + v.r*v.a)/3", 0],
						"0.48": [-0.75, 0, 0],
						"0.68": [0, 0, 0],
						"1.28": [0, 0, 0],
						"1.56": {
							"pre": [-0.75, 0, 0],
							"post": [-0.75, 0, 0],
							"lerp_mode": "catmullrom"
						},
						"1.84": [-0.49, 0, 0],
						"2.2": ["0 + variable.x_clamp", "0+(-variable.y_axis +variable.y_extra + v.r*v.a)/1.5", 0]
					}
				},
				"rightLeg": {
					"rotation": {
						"0.2": ["variable.tcos0 * 1.4", 0, 0],
						"1.84": ["variable.tcos0 * 1.4", 0, 0]
					},
					"position": {
						"0.2": [0, 0, 0],
						"1.84": [0, 0, 0]
					}
				},
				"leftLeg": {
					"rotation": {
						"0.2": ["variable.tcos0 * -1.4", 0, 0],
						"1.84": ["variable.tcos0 * -1.4", 0, 0]
					},
					"position": {
						"0.2": [0, 0, 0],
						"1.84": [0, 0, 0]
					}
				},
				"leftItem": {
					"rotation": {
						"0.0": [82.69214, 14.62463, -84.76671],
						"0.2": [82.69214, 14.62463, -84.76671],
						"0.48": [72.62721, -42.2163, -75.58907],
						"1.56": [72.62721, -42.2163, -75.58907],
						"1.84": [82.69214, 14.62463, -84.76671]
					},
					"position": {
						"0.0": [0.64115, -1.11417, -2.25609],
						"0.2": [0.64115, -1.11417, -2.25609],
						"0.48": [0.21944, -1.66492, -2.83245],
						"1.56": [0.21944, -1.66492, -2.83245],
						"1.84": [0.64115, -1.11417, -2.25609]
					},
					"scale": {
						"0.0": [0, 0, 0],
						"0.16": [0, 0, 0],
						"0.2": {"pre": [0, 0, 0], "post": [1, 1, 1]},
						"1.8": [1, 1, 1],
						"1.84": {"pre": [1, 1, 1], "post": [0, 0, 0]}
					}
				},
				"gun_body": {
					"position": {
						"0.0": [0, 0, 0],