{
	"format_version": "1.8.0",
	"animations": {
		"animation.ump45_hold_to_reload": {
			"loop": "hold_on_last_frame",
			"animation_length": 1.72,
			"override_previous_animation": true,
			"anim_time_update": "q.is_in_ui || (v.is_paperdoll??0) ? 9999999 : q.anim_time + q.delta_time",
			"bones": {
				"head": {
					"rotation": {
						"0.0": ["query.target_x_rotation", "-20+query.target_y_rotation", 0],
						"0.08": [-2.5052, 12.2747, -7.4],
						"0.16": [-3.18264, 17.16954, -9.71981],
						"0.28": [-5.09979, 16.92673, -12.84743],
						"0.48": {
							"pre": [6.07086, 19.51889, 0.94373],
							"post": [6.07086, 19.51889, 0.94373],
							"lerp_mode": "catmullrom"
						},
						"0.88": {
							"post": [-2.7539, 27.2592, -8.12918],
							"lerp_mode": "catmullrom"
						},
						"1.0": [-2.5635, 17.2698, -7.62858],
						"1.2": ["query.target_x_rotation", "-20+query.target_y_rotation", 0]
					},
					"position": {
						"0.0": [0, 0, 0],
						"0.08": [0, 0, 0],
						"0.16": [-0.5, 0, 0],
						"0.28": [-0.5, 0, 0],
						"0.48": {
							"pre": [0, 0, 0],
							"post": [0, 0, 0],
							"lerp_mode": "catmullrom"
						},
						"0.88": {
							"post": [-1.1, 0, 0],
							"lerp_mode": "catmullrom"
						},
						"1.0": [-0.4, 0, 0],
						"1.2": [0, 0, 0]
					}
				},
				"leftArm": {
					"rotation": {
						"0.0": ["-40.8109+(math.cos(query.life_time * 75) * 1.4325)", 9.63659, 5.10167],
						"0.16": [-106.88306, 43.05254, 5.20786],
						"0.24": [-106.88306, 43.05254, 5.20786],
						"0.28": [-106.88306, 43.05254, 5.20786],
						"0.48": {
							"pre": [-9.5157, -5.02633, -0.25766],
							"post": [-9.5157, -5.02633, -0.25766],
							"lerp_mode": "catmullrom"
						},
						"0.52": {
							"post": [14.4204, -1.95282, 17.00171],
							"lerp_mode": "catmullrom"
						},
						"0.56": {
							"post": [14.42, -1.95, 17],
							"lerp_mode": "catmullrom"
						},
						"0.88": [-106.88306, 43.05254, 5.20786],
						"0.92": [-106.88306, 43.05254, 5.20786],
						"1.0": [-106.88306, 43.05254, 5.20786],
						"1.2": ["-40.8109+(math.cos(query.life_time * 75) * 1.4325)", 9.63659, 5.10167]
					},
					"position": {
						"0.0": [0, -0.75, "-3+((math.cos(query.life_time * 75) * 0.2))"],
						"0.16": [-3.16981, -0.49265, -5.19394],
						"0.24": [-3.19537, -0.89265, -5.41608],
						"0.28": [-3.17603, -1.49265, -5.83471],
						"0.48": {
							"pre": [0.5, 0, -0.07],
							"post": [0.5, 0, -0.07],
							"lerp_mode": "catmullrom"
						},
						"0.52": {
							"post": [0.5, 0, -0.07],
							"lerp_mode": "catmullrom"
						},
						"0.56": {
							"post": [0.5, 0, -0.07],
							"lerp_mode": "catmullrom"
						},
						"0.88": [-3.17603, -1.49265, -5.83471],
						"0.92": [-3.19537, -0.89265, -5.41608],
						"1.0": [-3.16981, -0.49265, -5.19394],
						"1.2": [0, -0.75, "-3+((math.cos(query.life_time * 75) * 0.2))"]
					}
				},
				"rightArm": {
					"rotation": {
						"0.0": ["-37.6939+(math.cos(query.life_time * 75) * 1.4325)", -26.0714, -31.4308],
						"0.16": [-112.96552, -9.00577, 6.5538],
						"0.24": [-112.97, -9.01, 6.55],
						"0.36": {
							"pre": [-111.15344, -11.16142, 6.96435],
							"post": [-111.15344, -11.16142, 6.96435],
							"lerp_mode": "catmullrom"
						},
						"0.44": {
							"post": [-109.60525, -13.02639, 8.13336],
							"lerp_mode": "catmullrom"
						},
						"0.56": {
							"post": [-112.96552, -9.00577, 6.5538],
							"lerp_mode": "catmullrom"
						},
						"0.88": [-112.97, -9.01, 6.55],
						"1.0": [-112.96552, -9.00577, 6.5538],
						"1.2": ["-37.6939+(math.cos(query.life_time * 75) * 1.4325)", -26.0714, -31.4308]
					},
					"position": {
						"0.0": [0, 2, 0],
						"0.16": [-1, 0.25, 1.25],
						"0.24": [-1, 0.25, 1.25],
						"0.36": {
							"pre": [-1, 0.25, 1.25],
							"post": [-1, 0.25, 1.25],
							"lerp_mode": "catmullrom"
						},
						"0.44": {
							"post": [-1, 0.25, 1.25],
							"lerp_mode": "catmullrom"
						},
						"0.56": {
							"post": [-1, 0.25, 1.25],
							"lerp_mode": "catmullrom"
						},
						"0.88": [-1, 0.25, 1.25],
						"1.0": [-1, 0.25, 1.25],
						"1.2": [0, 2, 0]
					}
				},
				"rightItem": {
					"rotation": {
						"0.0": [3.90483, -4.47373, 1.3805],
						"0.16": [0, 0, 0],
						"1.0": [0, 0, 0],
						"1.2": [3.90483, -4.47373, 1.3805]
					},
					"position": {
						"0.0": [0, 0, 0],
						"0.16": [0.8307, -0.24956, 0.1676],
						"1.0": [0.8307, -0.24956, 0.1676],
						"1.2": [0, 0, 0]
					}
				},
				"body": {
					"rotation": {
						"0.0": [0, 20, 0],
						"0.08": [0, 0, 0],
						"0.16": {
							"pre": [-0.66963, 14.98539, -2.58807],
							"post": [-0.66963, 14.98539, -2.58807],
							"lerp_mode": "catmullrom"
						},
						"0.4": [0, 0, 0],
						"0.56": [0, 0, 0],
						"0.88": {
							"pre": [-0.66963, 14.98539, -2.58807],
							"post": [-0.66963, 14.98539, -2.58807],
							"lerp_mode": "catmullrom"
						},
						"1.2": [0, 20, 0]
					},
					"position": {
						"0.08": [0, 0.001, 0],
						"0.16": {
							"pre": [-0.75, 0, 0],
							"post": [-0.75, 0, 0],
							"lerp_mode": "catmullrom"
						},
						"0.4": [0, 0, 0],
						"0.56": [0, 0, 0],
						"0.88": {
							"pre": [-0.75, 0, 0],
							"post": [-0.75, 0, 0],
							"lerp_mode": "catmullrom"
						},
						"1.2": [0, 0, 0]
					}
				},
				"rightLeg": {
					"rotation": {
						"0.16": ["variable.tcos0 * 1.4", 0, 0],
						"1.0": ["variable.tcos0 * 1.4", 0, 0]
					},
					"position": {
						"0.16": [0, 0, 0],
						"1.0": [0, 0, 0]
					}
				},
				"leftLeg": {
					"rotation": {
						"0.16": ["variable.tcos0 * -1.4", 0, 0],
						"1.0": ["variable.tcos0 * -1.4", 0, 0]
					},
					"position": {
						"0.16": [0, 0, 0],
						"1.0": [0, 0, 0]
					}
				},
				"leftItem": {
					"rotation": [10.18412, 11.81316, -51.43366],
					"position": [0.06668, -3.09713, -0.08025]
				}
			},
			"sound_effects": {
				"0.0": {
					"effect": "ump45_reload"
				}
			}
		},
		"animation.ump45_hold_to_reload_normalize": {
			"loop": "hold_on_last_frame",
			"animation_length": 1.2,
			"override_previous_animation": true,
			"bones": {
				"root": {
					"rotation": {
						"0.0": [-246.2, 376.25, -207.4],
						"0.16": [-190.14467, 412.63279, -182.86731],
						"0.28": [-165.2, 410.95, -172.2],
						"0.88": [-165.2, 410.95, -172.2],
						"1.0": [-182.86211, 398.19816, -177.54421],
						"1.12": [-225.75457, 394.15023, -205.31048],
						"1.2": [-246.2, 376.25, -207.4]
					},
					"position": {
						"0.0": [
							"3.81 - variable.x_clamp",
							"8.22 + (v.holding_pistol == 1 ? -2 : 0)-variable.y_axis +variable.y_extra + v.r*v.a",
							"21.4 + (v.holding_pistol == 1 ? 4 : 0)"
						],
						"0.04": [4.75, 3.46, 16.84],
						"0.08": [5.415, 1.26, 16.2],
						"0.16": [5.51, -0.94, 10],
						"0.28": [8.51, -1.28, -1.4],
						"0.88": [8.51, -1.28, -1.4],
						"1.0": [3.92, -1.885, 6.98],
						"1.12": [3.85, 0.88, 15.63],
						"1.16": [3.23, 3.875, 18.51],
						"1.2": [
							"3.81 - variable.x_clamp",
							"8.22 + (v.holding_pistol == 1 ? -2 : 0)-variable.y_axis +variable.y_extra + v.r*v.a",
							"21.4 + (v.holding_pistol == 1 ? 4 : 0)"
						]
					}
				}
			}
		}
	}
}