{
	"format_version": "1.8.0",
	"animations": {
		"animation.remington870_hipfire_to_reload": {
			"loop": "hold_on_last_frame",
			"animation_length": 6.48,
			"override_previous_animation": true,
			"anim_time_update": "q.is_in_ui || (v.is_paperdoll??0) ? 9999999 : q.anim_time + q.delta_time",
			"bones": {
				"head": {
					"rotation": {
						"0.0": ["-2.5052+query.target_x_rotation/7.5", "12.2747+query.target_y_rotation/7.5", -7.40361],
						"0.12": [17.19811, 7.47052, 5.28331],
						"0.2": [17.19811, 7.47052, 5.28331],
						"0.24": [18.10675, 19.38665, 9.17341],
						"0.44": [18.10675, 19.38665, 9.17341],
						"0.8": [17.19811, 7.47052, 5.28331],
						"0.88": [17.19811, 7.47052, 5.28331],
						"1.24": [18.10675, 19.38665, 9.17341],
						"1.44": [18.10675, 19.38665, 9.17341],
						"1.8": [17.19811, 7.47052, 5.28331],
						"1.88": [17.19811, 7.47052, 5.28331],
						"2.24": [18.10675, 19.38665, 9.17341],
						"2.44": [18.10675, 19.38665, 9.17341],
						"2.8": [17.19811, 7.47052, 5.28331],
						"2.88": [17.19811, 7.47052, 5.28331],
						"3.24": [18.10675, 19.38665, 9.17341],
						"3.44": [18.10675, 19.38665, 9.17341],
						"3.8": [17.19811, 7.47052, 5.28331],
						"3.88": [17.19811, 7.47052, 5.28331],
						"4.24": [18.10675, 19.38665, 9.17341],
						"4.44": [18.10675, 19.38665, 9.17341],
						"4.8": [17.19811, 7.47052, 5.28331],
						"4.88": [17.19811, 7.47052, 5.28331],
						"5.0": [17.5, 11.44, 6.58],
						"5.24": [18.10675, 19.38665, 9.17341],
						"5.44": [18.10675, 19.38665, 9.17341],
						"5.52": [18.10675, 19.38665, 9.17341],
						"5.64": [18.10675, 19.38665, 9.17341],
						"5.76": [18.10675, 19.38665, 9.17341],
						"5.88": [18.10675, 19.38665, 9.17341],
						"6.0": ["query.target_x_rotation", "-20+query.target_y_rotation", 0]
					},
					"position": {
						"0.0": [0, 0, 0],
						"0.12": [0, 0, 0],
						"0.2": [0, 0, 0],
						"0.24": [0, 0, 0],
						"0.44": [0, 0, 0],
						"0.8": [0, 0, 0],
						"0.88": [0, 0, 0],
						"1.24": [0, 0, 0],
						"1.44": [0, 0, 0],
						"1.8": [0, 0, 0],
						"1.88": [0, 0, 0],
						"2.24": [0, 0, 0],
						"2.44": [0, 0, 0],
						"2.8": [0, 0, 0],
						"2.88": [0, 0, 0],
						"3.24": [0, 0, 0],
						"3.44": [0, 0, 0],
						"3.8": [0, 0, 0],
						"3.88": [0, 0, 0],
						"4.24": [0, 0, 0],
						"4.44": [0, 0, 0],
						"4.8": [0, 0, 0],
						"4.88": [0, 0, 0],
						"5.0": [0, 0, 0],
						"5.24": [0, 0, 0],
						"5.44": [0, 0, 0],
						"5.52": [0, 0, 0],
						"5.64": [0, 0, 0],
						"5.76": [0, 0, 0],
						"5.88": [0, 0, 0],
						"6.0": [0, 0, 0]
					}
				},
				"leftArm": {
					"rotation": {
						"0.0": [
							"-86.0448+(v.holding_rpg == 1 ? -4.6643 : 0)+(v.holding_shotgun == 1 ? -9.9392 : 0)+(v.holding_javelin == 1 ? 30 : 0)",
							"57.6271+(v.holding_shotgun == 1 ? -17.366 : 0)+(v.holding_javelin == 1 ? -42.4926 : 0)",
							"-0.7052+(v.holding_shotgun == 1 ? 3.3566 : 0)"
						],
						"0.12": [14.42, -1.95, 17],
						"0.16": [14.42, -1.95, 17],
						"0.28": [-132.08857, 55.50792, -30.66084],
						"0.36": [-127.92, 55.51, -30.66],
						"0.44": [-118.3556, 42.8846, -18.12243],
						"0.52": [-109.9526, 46.68669, -6.2222],
						"0.8": {
							"pre": [-9.5157, -5.02633, -0.25766],
							"post": [-9.5157, -5.02633, -0.25766],
							"lerp_mode": "catmullrom"
						},
						"0.92": {
							"post": [14.42, -1.95, 17],
							"lerp_mode": "catmullrom"
						},
						"1.28": [-132.08857, 55.50792, -30.66084],
						"1.36": [-127.92, 55.51, -30.66],
						"1.44": [-118.3556, 42.8846, -18.12243],
						"1.52": [-109.9526, 46.68669, -6.2222],
						"1.8": {
							"pre": [-9.5157, -5.02633, -0.25766],
							"post": [-9.5157, -5.02633, -0.25766],
							"lerp_mode": "catmullrom"
						},
						"1.92": {
							"post": [14.42, -1.95, 17],
							"lerp_mode": "catmullrom"
						},
						"2.28": [-132.08857, 55.50792, -30.66084],
						"2.36": [-127.92, 55.51, -30.66],
						"2.44": [-118.3556, 42.8846, -18.12243],
						"2.52": [-109.9526, 46.68669, -6.2222],
						"2.8": {
							"pre": [-9.5157, -5.02633, -0.25766],
							"post": [-9.5157, -5.02633, -0.25766],
							"lerp_mode": "catmullrom"
						},
						"2.92": {
							"post": [14.42, -1.95, 17],
							"lerp_mode": "catmullrom"
						},
						"3.28": [-132.08857, 55.50792, -30.66084],
						"3.36": [-127.92, 55.51, -30.66],
						"3.44": [-118.3556, 42.8846, -18.12243],
						"3.52": [-109.9526, 46.68669, -6.2222],
						"3.8": {
							"pre": [-9.5157, -5.02633, -0.25766],
							"post": [-9.5157, -5.02633, -0.25766],
							"lerp_mode": "catmullrom"
						},
						"3.92": {
							"post": [14.42, -1.95, 17],
							"lerp_mode": "catmullrom"
						},
						"4.28": [-132.08857, 55.50792, -30.66084],
						"4.36": [-127.92, 55.51, -30.66],
						"4.44": [-118.3556, 42.8846, -18.12243],
						"4.52": [-109.9526, 46.68669, -6.2222],
						"4.8": {
							"pre": [-9.5157, -5.02633, -0.25766],
							"post": [-9.5157, -5.02633, -0.25766],
							"lerp_mode": "catmullrom"
						},
						"4.92": {
							"post": [14.42, -1.95, 17],
							"lerp_mode": "catmullrom"
						},
						"5.28": [-132.08857, 55.50792, -30.66084],
						"5.36": [-127.92, 55.51, -30.66],
						"5.44": [-118.3556, 42.8846, -18.12243],
						"5.52": [-118.3556, 42.8846, -18.12243],
						"5.64": [-110.45687, 28.5576, 1.04441],
						"5.76": [-118.3556, 42.8846, -18.12243],
						"5.84": [-118.3556, 42.8846, -18.12243],
						"6.0": [
							"-40.8109 + (v.holding_smg == 1 ? 1.7762 : 0) + (v.holding_pistol == 1 ? 2.8042 : 0) + (math.cos(query.life_time * 75) * 1.4325)",
							"9.6366 + (v.holding_smg == 1 ? 6.2343 : 0) + (v.holding_pistol == 1 ? 7.7043 : 0)",
							"5.1017 + (v.holding_smg == 1 ? 8.0215 : 0) + (v.holding_pistol == 1 ? 30.0122 : 0)"
						]
					},
					"position": {
						"0.0": [
							"-2.525+(v.holding_shotgun == 1 ? -2.75 : 0)+(v.holding_rpg == 1 ? 0.75 : 0)",
							"(v.holding_javelin == 1 ? -0.4 : 0)",
							"-4+(v.holding_shotgun == 1 ? -3 : 0)+(v.holding_rpg == 1 ? 2 : 0)+(v.holding_javelin == 1 ? 2 : 0)"
						],
						"0.12": [0.5, 0, -0.07],
						"0.16": [0.5, 0, -0.07],
						"0.28": [-0.75, -1, -5.075],
						"0.36": [-1.33, -0.08, -7.07],
						"0.44": [-1.83, -0.08, -7.57],
						"0.52": [-1.83, -0.08, -7.57],
						"0.8": {
							"pre": [-1.5, 0, -0.07],
							"post": [-1.5, 0, -0.07],
							"lerp_mode": "catmullrom"
						},
						"0.92": {
							"post": [0.5, 0, -0.07],
							"lerp_mode": "catmullrom"
						},
						"1.28": [-0.75, -1, -5.075],
						"1.36": [-1.33, -0.08, -7.07],
						"1.44": [-1.83, -0.08, -7.57],
						"1.52": [-1.83, -0.08, -7.57],
						"1.8": {
							"pre": [-1.5, 0, -0.07],
							"post": [-1.5, 0, -0.07],
							"lerp_mode": "catmullrom"
						},
						"1.92": {
							"post": [0.5, 0, -0.07],
							"lerp_mode": "catmullrom"
						},
						"2.28": [-0.75, -1, -5.075],
						"2.36": [-1.33, -0.08, -7.07],
						"2.44": [-1.83, -0.08, -7.57],
						"2.52": [-1.83, -0.08, -7.57],
						"2.8": {
							"pre": [-1.5, 0, -0.07],
							"post": [-1.5, 0, -0.07],
							"lerp_mode": "catmullrom"
						},
						"2.92": {
							"post": [0.5, 0, -0.07],
							"lerp_mode": "catmullrom"
						},
						"3.28": [-0.75, -1, -5.075],
						"3.36": [-1.33, -0.08, -7.07],
						"3.44": [-1.83, -0.08, -7.57],
						"3.52": [-1.83, -0.08, -7.57],
						"3.8": {
							"pre": [-1.5, 0, -0.07],
							"post": [-1.5, 0, -0.07],
							"lerp_mode": "catmullrom"
						},
						"3.92": {
							"post": [0.5, 0, -0.07],
							"lerp_mode": "catmullrom"
						},
						"4.28": [-0.75, -1, -5.075],
						"4.36": [-1.33, -0.08, -7.07],
						"4.44": [-1.83, -0.08, -7.57],
						"4.52": [-1.83, -0.08, -7.57],
						"4.8": {
							"pre": [-1.5, 0, -0.07],
							"post": [-1.5, 0, -0.07],
							"lerp_mode": "catmullrom"
						},
						"4.92": {
							"post": [0.5, 0, -0.07],
							"lerp_mode": "catmullrom"
						},
						"5.28": [-0.75, -1, -5.075],