{
	"format_version": "1.8.0",
	"animations": {
		"animation.remington870_reload_last_cont": {
			"loop": "hold_on_last_frame",
			"animation_length": 2,
			"override_previous_animation": true,
			"anim_time_update": "q.is_in_ui || (v.is_paperdoll??0) ? 9999999 : q.anim_time + q.delta_time",
			"bones": {
				"body": {
					"rotation": {
						"0.0": [0, 0, 0],
						"0.88": [0, 0, 0],
						"1.12": [0, 20, 0]
					},
					"position": {
						"0.0": [0, 0, 0],
						"0.88": [0, 0, 0],
						"1.12": ["0 + variable.x_clamp", "0+(-variable.y_axis +variable.y_extra + v.r*v.a)/1.5", 0]
					}
				},
				"head": {
					"rotation": {
						"0.0": [17.5, 11.44, 6.58],
						"0.24": [18.10675, 19.38665, 9.17341],
						"0.44": [18.10675, 19.38665, 9.17341],
						"0.52": [18.10675, 19.38665, 9.17341],
						"0.64": [18.10675, 19.38665, 9.17341],
						"0.76": [18.10675, 19.38665, 9.17341],
						"0.88": [18.10675, 19.38665, 9.17341],
						"1.12": ["query.target_x_rotation", "-20+query.target_y_rotation", 0]
					},
					"position": {
						"0.0": [0, 0, 0],
						"0.24": [0, 0, 0],
						"0.44": [0, 0, 0],
						"0.52": [0, 0, 0],
						"0.64": [0, 0, 0],
						"0.76": [0, 0, 0],
						"0.88": [0, 0, 0],
						"1.12": [0, 0, 0]
					}
				},
				"leftArm": {
					"rotation": {
						"0.0": {
							"post": [-9.57, 8.27, 9.86],
							"lerp_mode": "catmullrom"
						},
						"0.28": [-132.08857, 55.50792, -30.66084],
						"0.36": [-127.92, 55.51, -30.66],
						"0.44": [-118.3556, 42.8846, -18.12243],
						"0.52": [-118.3556, 42.8846, -18.12243],
						"0.64": [-110.45687, 28.5576, 1.04441],
						"0.76": [-118.3556, 42.8846, -18.12243],
						"0.84": [-118.3556, 42.8846, -18.12243],
						"1.12": [
							"-40.8109 + (v.holding_smg == 1 ? 1.7762 : 0) + (v.holding_pistol == 1 ? 2.8042 : 0) + (math.cos(query.life_time * 75) * 1.4325)",
							"9.6366 + (v.holding_smg == 1 ? 6.2343 : 0) + (v.holding_pistol == 1 ? 7.7043 : 0)",
							"5.1017 + (v.holding_smg == 1 ? 8.0215 : 0) + (v.holding_pistol == 1 ? 30.0122 : 0)"
						]
					},
					"position": {
						"0.0": {
							"post": [0.43, -0.19, -0.9],
							"lerp_mode": "catmullrom"
						},
						"0.28": [-0.75, -1, -5.075],
						"0.36": [-1.33, -0.08, -7.07],
						"0.44": [-1.83, -0.08, -7.57],
						"0.52": [-1.83, -0.08, -7.57],
						"0.64": [-4.58, -0.08, -9.945],
						"0.76": [-3.08, -0.08, -7.57],
						"0.84": [-3.08, -0.08, -7.57],
						"1.12": [
							"0 + (v.holding_smg == 1 ? -0.5 : 0) + (v.holding_pistol == 1 ? -0.25 : 0) + variable.x_clamp",
							"-0.75 + (v.holding_smg == 1 ? 2 : 0) + (v.holding_pistol == 1 ? 2 : 0)-variable.y_axis +variable.y_extra + v.r*v.a",
							"-3+(v.holding_smg == 1 ? 1.5 : 0) + (v.holding_pistol == 1 ? 2.5 : 0) + ((math.cos(query.life_time * 75) * 0.2))"
						]
					}
				},
				"rightArm": {
					"rotation": {
						"0.0": {
							"post": [-88.1, -14.88, -35.27],
							"lerp_mode": "catmullrom"
						},
						"0.28": {
							"post": [-88.09538, -14.97418, -35.26909],
							"lerp_mode": "catmullrom"
						},
						"0.44": [-88.08852, -15.72376, -35.29498],
						"0.52": [-88.08852, -15.72376, -35.29498],
						"0.64": [-88.09, -15.62, -35.29],
						"0.76": [-88.09, -15.29, -35.28],
						"0.84": [-88.09, -15.29, -35.28],
						"1.12": ["-37.6939+(math.cos(query.life_time * 75) * 1.4325)", -26.0714, -31.4308]
					},
					"position": {
						"0.0": {
							"post": [-0.98, 0.23, 1.29],
							"lerp_mode": "catmullrom"
						},
						"0.28": {
							"post": [-1, 0.25, 1.25],
							"lerp_mode": "catmullrom"
						},
						"0.44": [-1.15, 0.375, 0.925],
						"0.52": [-1.15, 0.375, 0.925],
						"0.64": [-1.11, 0.34, 0.56],
						"0.76": [-1, 0.25, 1.25],
						"0.84": [-1, 0.25, 1.25],
						"1.12": ["0 + variable.x_clamp", "2-variable.y_axis +variable.y_extra + v.r*v.a", 0]
					}
				},
				"rightItem": {
					"rotation": {
						"0.0": [0, 0, 0],
						"0.88": [0, 0, 0],
						"1.12": [3.90483, -4.47373, 1.3805]
					},
					"position": {
						"0.0": [0.83, -2.25, 0.17],
						"0.88": [0.8307, -2.24956, 0.1676],
						"1.12": [0, "(v.holding_smg == 1 ? -2 : 0) + (v.holding_sniper == 1 ? -2 : 0)", 0]
					}
				},
				"leftItem": {
					"rotation": {
						"0.0": [-194.2, -80.9, -159.27],
						"0.28": [-194.20159, -80.89676, -159.26562],
						"0.44": [-170.96888, -78.42061, -157.47235],
						"1.12": [-194.20159, -80.89676, -159.26562]
					},
					"position": {
						"0.0": [-0.51, -3.16, -2.06],
						"0.28": [-0.51, -3.16, -2.72],
						"0.44": [-0.76, -3.66, -2.47],
						"1.12": [-0.51, -3.16, -2.72]
					}
				}
			}
		},
		"animation.remington870_reload_last_cont_attachable": {
			"loop": "hold_on_last_frame",
			"animation_length": 2,
			"override_previous_animation": true,
			"anim_time_update": "q.is_in_ui || (v.is_paperdoll??0) ? 9999999 : q.anim_time + q.delta_time",
			"bones": {
				"leftItem": {
					"scale": {
						"0.0": [1, 1, 1],
						"0.32": {
							"pre": [1, 1, 1],
							"post": [1, 1, 1]
						},
						"0.36": {
							"pre": [1, 1, 1],
							"post": [0, 0, 0]
						}
					}
				}
			}
		},
		"animation.remington870_reload_last_cont_normalize": {
			"loop": "hold_on_last_frame",
			"animation_length": 1.12,
			"override_previous_animation": true,
			"bones": {
				"root": {
					"rotation": {
						"0.0": [-189.48, 346.71, -174.94],
						"0.84": [-189.47525, 346.71233, -174.94321],
						"0.96": [-215.91472, 382.72682, -208.2855],
						"1.04": [-231.06, 379.49, -207.84],
						"1.12": [-246.2, 376.25, -207.4]
					},
					"position": {
						"0.0": [-5.49, 0.72, 2.6],
						"0.84": [-5.49, 0.72, 2.6],
						"0.96": [5.5, 1.93, 14.66],
						"1.0": [5.08, 2.17, 16.35],
						"1.04": [4.66, 3.705, 18.03],
						"1.12": [
							"3.81 - variable.x_clamp",
							"8.22 + (v.holding_pistol == 1 ? -2 : 0)-variable.y_axis +variable.y_extra + v.r*v.a",
							"21.4 + (v.holding_pistol == 1 ? 4 : 0)"
						]
					}
				}
			}
		}
	}
}